Daily_Time_Spent_on_Site,Age,Area_Income,Daily_Internet_Usage,Ad_Topic_Line,City,Male,Country,Timestamp,Clicked_on_Ad
69,35,61834,256,Cloned 5thgeneration orchestration,Wrightburgh,0,Tunisia,3/27/2016 0:53,0
80,31,68442,194,Monitored national standardization,West Jodi,1,Nauru,4/4/2016 1:39,0
69,26,59786,237,Organic bottom-line service-desk,Davidton,0,San Marino,3/13/2016 20:35,0
74,29,54806,246,Triple-buffered reciprocal time-frame,West Terrifurt,1,Italy,1/10/2016 2:31,0
68,35,73890,226,Robust logistical utilization,South Manuel,0,Iceland,6/3/2016 3:36,0
60,23,59762,227,Sharable client-driven software,Jamieberg,1,Norway,5/19/2016 14:30,0
89,33,53853,208,Enhanced dedicated support,Brandonstad,0,Myanmar,1/28/2016 20:59,0
66,48,24593,132,Reactive local challenge,Port Jefferybury,1,Australia,3/7/2016 1:40,1
75,30,68862,222,Configurable coherent function,West Colin,1,Grenada,4/18/2016 9:33,0
70,20,55642,184,Mandatory homogeneous architecture,Ramirezton,1,Ghana,7/11/2016 1:42,0
48,49,45633,122,Centralized neutral neural-net,West Brandonton,0,Qatar,3/16/2016 20:19,1
83,37,62491,231,Team-oriented grid-enabled Local Area Network,East Theresashire,1,Burundi,5/8/2016 8:10,0
70,48,51637,113,Centralized content-based focus group,West Katiefurt,1,Egypt,6/3/2016 1:14,1
80,24,51740,214,Synergistic fresh-thinking array,North Tara,0,Bosnia and Herzegovina,4/20/2016 21:49,0
43,33,30976,144,Grass-roots coherent extranet,West William,0,Barbados,3/24/2016 9:31,1
63,23,52182,141,Persistent demand-driven interface,New Travistown,1,Spain,3/9/2016 3:41,1
55,37,23937,129,Customizable multi-tasking website,West Dylanberg,0,Palestinian Territory,1/30/2016 19:20,1
82,41,71511,188,Intuitive dynamic attitude,Pruittmouth,0,Afghanistan,5/2/2016 7:00,0
55,36,31088,118,Grass-roots solution-oriented conglomeration,Jessicastad,1,British Indian Ocean Territory (Chagos Archipelago),2/13/2016 7:53,1
75,40,23822,136,Advanced 24/7 productivity,Millertown,1,Russian Federation,2/27/2016 4:43,1
77,30,64802,224,Object-based reciprocal knowledgebase,Port Jacqueline,1,Cameroon,1/5/2016 7:52,0
85,35,60016,227,Streamlined non-volatile analyzer,Lake Nicole,1,Cameroon,3/18/2016 13:22,0
41,52,32636,165,Mandatory disintermediate utilization,South John,0,Burundi,5/20/2016 8:49,1
87,36,61629,210,Future-proofed methodical protocol,Pamelamouth,1,Korea,3/23/2016 9:43,0
41,41,68962,167,Exclusive neutral parallelism,Harperborough,0,Tokelau,6/13/2016 17:27,1
79,28,64828,205,Public-key foreground groupware,Port Danielleberg,1,Monaco,5/27/2016 15:25,0
49,28,38067,134,Ameliorated client-driven forecast,West Jeremyside,1,Tuvalu,2/8/2016 10:46,1
52,52,58296,129,Monitored systematic hierarchy,South Cathyfurt,0,Greece,7/19/2016 8:32,1
70,34,32709,119,Open-architected impactful productivity,Palmerside,0,British Virgin Islands,4/14/2016 5:08,1
76,22,46180,210,Business-focused value-added definition,West Guybury,0,Bouvet Island (Bouvetoya),1/27/2016 12:38,0
68,35,51473,267,Programmable asymmetric data-warehouse,Phelpschester,1,Peru,7/2/2016 20:23,0
86,28,45594,207,Digitized static capability,Lake Melindamouth,1,Aruba,3/1/2016 22:13,0
59,57,25583,169,Digitized global capability,North Richardburgh,1,Maldives,7/15/2016 5:05,1
56,23,30228,213,Multi-layered 4thgeneration knowledge user,Port Cassie,0,Senegal,1/14/2016 14:00,1
58,57,45581,134,Synchronized dedicated service-desk,New Thomas,1,Dominica,3/15/2016 3:12,1
84,30,61390,202,Synchronized systemic hierarchy,Johnstad,0,Luxembourg,4/12/2016 3:26,0
62,53,56771,125,Profound stable product,West Aprilport,1,Montenegro,4/7/2016 15:18,1
66,39,76435,222,Reactive demand-driven capacity,Kellytown,0,Ukraine,2/9/2016 5:28,0
50,46,57426,119,Persevering needs-based open architecture,Charlesport,1,Saint Helena,5/7/2016 17:11,1
39,39,27508,162,Intuitive exuding service-desk,Millerchester,0,Liberia,3/11/2016 6:49,1
85,29,57692,203,Innovative user-facing extranet,Mackenziemouth,0,Russian Federation,4/27/2016 9:27,0
64,30,59784,252,Front-line intermediate database,Zacharystad,0,Tunisia,4/16/2016 11:53,0
83,32,66572,198,Persevering exuding system engine,North Joshua,1,Turkmenistan,5/8/2016 15:38,0
81,31,64930,212,Balanced dynamic application,Bowenview,0,Saint Helena,2/8/2016 0:23,0
80,25,57520,205,Reduced global support,Jamesberg,0,Niger,2/11/2016 13:26,0
38,52,53575,173,Organic leadingedge secured line,Lake Cassandraport,1,Turkmenistan,2/17/2016 13:16,1
70,20,50984,202,Business-focused encompassing neural-net,New Sharon,1,Qatar,2/26/2016 22:46,0
85,43,67059,199,Triple-buffered demand-driven alliance,Johnport,0,Sri Lanka,6/8/2016 18:54,0
44,37,52723,124,Visionary maximized process improvement,Hamiltonfort,1,Trinidad and Tobago,1/8/2016 9:32,1
48,46,54286,120,Centralized 24/7 installation,West Christopher,0,Italy,4/25/2016 11:01,1
73,23,61526,197,Organized static focus group,Hollandberg,1,British Virgin Islands,4/4/2016 7:07,0
80,28,58526,225,Visionary reciprocal circuit,Odomville,0,United Kingdom,5/3/2016 21:19,0
33,45,53350,194,Pre-emptive value-added workforce,East Samanthashire,1,Guinea-Bissau,1/17/2016 9:31,1
50,50,62658,133,Sharable analyzing alliance,South Lauraton,1,Micronesia,3/2/2016 4:57,1
62,47,62723,119,Team-oriented encompassing portal,Amandahaven,0,Turkey,2/14/2016 7:36,1
81,31,67480,178,Sharable bottom-line solution,Thomasview,0,Croatia,4/7/2016 3:56,0
65,36,75255,151,Cross-group regional website,Garciaside,0,Israel,2/17/2016 11:42,1
45,49,52337,129,Organized global model,Port Sarahshire,0,Svalbard & Jan Mayen Islands,4/10/2016 0:13,1
78,29,56113,239,Upgradable asynchronous circuit,Port Gregory,0,Azerbaijan,2/14/2016 17:05,0
42,41,24853,156,Phased transitional instruction set,Brendachester,0,Iran,5/26/2016 22:49,1
86,27,47708,183,Customer-focused empowering ability,Lake Amy,0,Burundi,4/30/2016 8:07,0
86,34,64655,193,Front-line heuristic data-warehouse,Lake Annashire,1,Saint Vincent and the Grenadines,6/15/2016 5:30,0
72,29,71228,170,Stand-alone national attitude,Smithburgh,0,Burundi,3/9/2016 14:45,0
86,32,61601,179,Focused upward-trending core,North Leonmouth,1,Bulgaria,3/31/2016 20:55,0
46,45,66281,141,Streamlined cohesive conglomeration,Robertfurt,0,Christmas Island,6/3/2016 0:55,1
62,29,73911,199,Upgradable optimizing toolset,Jasminefort,1,Canada,3/10/2016 23:36,0
64,40,51317,105,Synchronized user-facing core,Jensenborough,0,Rwanda,1/8/2016 0:17,1
35,32,51510,200,Organized client-driven alliance,Bradleyburgh,0,Turks and Caicos Islands,6/5/2016 22:11,1
76,25,61006,215,Ergonomic multi-state structure,New Sheila,1,Tunisia,1/16/2016 11:35,0
79,34,32537,132,Synergized multimedia emulation,North Regina,0,Norfolk Island,4/22/2016 20:10,1
46,31,60249,139,Customer-focused optimizing moderator,Davidmouth,0,Bouvet Island (Bouvetoya),2/1/2016 9:00,1
69,46,74544,223,Advanced full-range migration,New Michaeltown,0,Turks and Caicos Islands,7/7/2016 13:37,0
55,39,75510,153,De-engineered object-oriented protocol,East Tammie,1,Cook Islands,3/8/2016 0:37,1
33,43,42650,167,Polarized clear-thinking budgetary management,Wilcoxport,1,Turkey,5/10/2016 17:39,1
38,42,58183,146,Customizable 6thgeneration knowledge user,East Michaelmouth,1,Guatemala,4/6/2016 11:24,1
64,22,60466,216,Seamless object-oriented structure,East Tiffanyport,0,Cote d'Ivoire,4/1/2016 16:21,0
50,35,57010,120,Seamless real-time array,Ramirezhaven,1,Faroe Islands,1/5/2016 4:18,1
83,33,54542,239,Grass-roots impactful system engine,Cranemouth,1,Qatar,5/20/2016 21:31,0
56,38,32689,114,Devolved tangible approach,Lake Edward,1,Ireland,2/3/2016 7:59,1
55,45,55606,112,Customizable executive software,Lake Conniefurt,0,Ukraine,2/17/2016 21:55,1
78,27,63297,209,Progressive analyzing attitude,East Shawnchester,1,Moldova,1/30/2016 16:10,0
73,28,65653,223,Innovative executive encoding,West Joseph,1,Nicaragua,5/15/2016 14:41,0
57,38,61653,116,Down-sized uniform info-mediaries,Lake Christopherfurt,0,Montserrat,1/5/2016 17:56,1
69,54,30726,139,Streamlined next generation implementation,East Tylershire,0,Timor-Leste,4/19/2016 7:34,1
71,31,74536,184,Distributed tertiary system engine,Sharpberg,0,Bouvet Island (Bouvetoya),3/15/2016 15:49,0
58,41,47862,105,Triple-buffered scalable groupware,Lake Dustin,0,Puerto Rico,6/12/2016 15:25,1
78,36,73600,201,Total 5thgeneration encoding,North Kristine,0,Central African Republic,7/1/2016 4:41,0
53,34,58544,119,Integrated human-resource encoding,Grahamberg,1,Venezuela,5/8/2016 12:12,1
58,34,42697,109,Phased dynamic customer loyalty,New Tina,0,Australia,3/14/2016 23:13,1
57,37,37335,109,Open-source coherent policy,Nelsonfurt,1,Wallis and Futuna,5/25/2016 0:19,1
70,43,71393,138,Down-sized modular intranet,Christopherport,0,Jersey,5/13/2016 11:51,1
56,24,59550,150,Pre-emptive content-based focus group,Port Sarahhaven,0,Puerto Rico,2/20/2016 20:47,1
70,26,64264,228,Versatile 4thgeneration system engine,Bradleyborough,1,Samoa,5/22/2016 20:49,0
50,40,64148,126,Ergonomic full-range time-frame,Whiteport,1,Greece,4/10/2016 2:02,1
44,31,25686,166,Automated directional function,New Theresa,1,Antarctica (the territory South of 60 deg S),2/28/2016 6:41,1
73,26,52968,239,Progressive empowering alliance,Wongland,0,Albania,7/8/2016 21:18,0
46,36,22473,154,Versatile homogeneous capacity,Williammouth,1,Hong Kong,4/19/2016 15:14,1
40,41,64927,156,Function-based optimizing protocol,Williamsborough,0,Lithuania,1/8/2016 22:47,1
36,46,51869,158,Up-sized secondary software,North Michael,0,Egypt,3/28/2016 8:46,1
80,34,69457,212,Seamless holistic time-frame,Benjaminchester,1,Bangladesh,7/2/2016 14:57,0
41,53,31948,169,Persevering reciprocal firmware,Hernandezville,0,Western Sahara,7/3/2016 9:22,1
64,23,51865,235,Centralized logistical secured line,Youngburgh,1,Serbia,6/1/2016 9:27,0
90,40,59594,194,Innovative background conglomeration,Wallacechester,0,Maldives,7/9/2016 14:55,0
68,21,48376,218,Switchable 3rdgeneration hub,Sanchezmouth,1,Czech Republic,2/9/2016 22:04,0
66,20,56885,202,Polarized 6thgeneration info-mediaries,Bradshawborough,0,Guernsey,6/10/2016 11:31,0
80,40,67187,229,Balanced heuristic approach,Amyhaven,1,Tanzania,2/14/2016 3:50,0
72,25,46558,241,Focused 24hour implementation,Marcushaven,1,Bhutan,7/5/2016 17:17,0
42,42,66541,151,De-engineered mobile infrastructure,Erinton,0,Christmas Island,4/28/2016 5:50,1
48,30,33258,135,Customer-focused upward-trending contingency,Hughesport,0,Guinea,4/3/2016 5:10,1
74,32,72273,211,Operative system-worthy protocol,Johnstad,0,Micronesia,3/9/2016 14:57,0
67,60,60333,177,User-friendly upward-trending intranet,New Lucasburgh,0,Madagascar,1/16/2016 23:37,1
63,53,65229,236,Future-proofed holistic superstructure,Michelleside,1,Lebanon,7/3/2016 4:33,1
71,22,56067,212,Extended systemic policy,Andersonton,0,Eritrea,3/14/2016 6:46,0
46,46,37839,124,Horizontal hybrid challenge,New Rachel,1,Guyana,1/9/2016 5:44,1
69,32,72683,221,Virtual composite model,Port Susan,1,Trinidad and Tobago,2/11/2016 4:37,0
77,31,56730,244,Switchable mobile framework,West Angelabury,1,Jersey,6/22/2016 7:33,0
73,55,66816,163,Focused intangible moderator,Port Christopherborough,0,United Arab Emirates,7/13/2016 16:12,1
62,42,60224,112,Balanced actuating moderator,Phillipsbury,1,Martinique,7/23/2016 11:46,1
84,50,29728,207,Customer-focused transitional strategy,Millerside,0,Somalia,7/13/2016 4:10,1
89,45,49270,152,Advanced web-enabled standardization,Lake Jessica,0,Bhutan,6/11/2016 18:32,1
86,31,57669,210,Pre-emptive executive knowledgebase,Lopezmouth,1,Greece,5/8/2016 12:51,0
50,26,56792,232,Self-enabling holistic process improvement,Johnsport,0,Benin,4/7/2016 16:02,0
78,27,63275,213,Horizontal client-driven hierarchy,South Ronald,0,Papua New Guinea,2/4/2016 13:30,0
38,36,35467,225,Polarized dynamic throughput,South Daniel,0,Uzbekistan,2/26/2016 19:48,1
62,43,68787,127,Devolved zero administration intranet,Suzannetown,0,South Africa,6/21/2016 13:15,1
80,31,61228,231,User-friendly asymmetric info-mediaries,Lisaberg,0,Egypt,5/17/2016 4:27,0
80,44,56367,127,Cross-platform regional task-force,Brianfurt,0,Hungary,4/18/2016 15:54,1
89,45,57868,207,Polarized bandwidth-monitored moratorium,Stewartbury,0,Falkland Islands (Malvinas),4/3/2016 10:07,0
70,27,66618,223,Centralized systematic knowledgebase,Benjaminchester,0,Dominica,4/4/2016 21:30,0
67,37,73104,234,Future-proofed grid-enabled implementation,North Wesleychester,0,Jersey,7/6/2016 16:00,0
47,50,21645,175,Down-sized well-modulated archive,East Michelleberg,0,Lithuania,5/4/2016 9:00,1
42,36,53817,133,Realigned zero tolerance emulation,Port Eric,0,Saint Martin,6/13/2016 18:50,1
51,36,76368,177,Versatile transitional monitoring,Timothyfurt,0,Cuba,1/3/2016 16:01,1
76,29,67633,215,Profound zero administration instruction set,Port Jeffrey,0,United States Minor Outlying Islands,1/14/2016 0:23,0
43,47,50335,128,User-centric intangible task-force,Guzmanland,0,Belize,1/12/2016 10:07,1
50,39,17710,160,Enhanced system-worthy application,East Michele,1,Belize,4/16/2016 12:09,1
38,36,41229,140,Multi-layered user-facing paradigm,East John,0,Antarctica (the territory South of 60 deg S),5/13/2016 6:09,1
39,38,42581,137,Customer-focused 24/7 concept,Lesliebury,1,Saint Vincent and the Grenadines,3/27/2016 23:59,1
72,23,61618,173,Function-based transitional complexity,Patriciahaven,1,Kuwait,2/3/2016 23:47,0
76,38,70576,146,Progressive clear-thinking open architecture,Ashleychester,1,Thailand,4/18/2016 11:23,0
84,31,64122,190,Up-sized executive moderator,Lake Josetown,0,Gibraltar,2/5/2016 19:06,0
38,30,52097,163,Re-contextualized optimal service-desk,Debraburgh,1,Holy See (Vatican City State),3/21/2016 18:46,1
56,44,65954,124,Fully-configurable neutral open system,New Debbiestad,1,Korea,6/14/2016 11:59,1
84,44,60193,234,Upgradable system-worthy array,West Shaun,1,Saint Helena,2/6/2016 23:08,0
69,41,77460,211,Ergonomic client-driven application,Kimberlyhaven,0,Turks and Caicos Islands,3/12/2016 1:39,0
37,44,45716,142,Realigned content-based leverage,Port Lawrence,1,Czech Republic,1/26/2016 3:56,1
56,49,65121,129,Decentralized real-time circuit,West Ricardo,1,Netherlands,2/7/2016 8:02,1
71,41,49996,108,Polarized modular function,Lake Jose,1,Belarus,5/5/2016 7:58,1
50,46,71719,152,Enterprise-wide client-driven contingency,Heatherberg,0,Dominica,6/29/2016 2:43,1
69,57,61770,150,Diverse modular interface,South George,0,South Africa,4/10/2016 19:48,1
58,25,69113,176,Polarized analyzing concept,Tinachester,1,New Zealand,2/10/2016 6:37,0
79,35,72525,172,Multi-channeled asynchronous open system,Port Jodi,0,Togo,5/28/2016 20:41,0
37,48,36782,158,Function-based context-sensitive secured line,Jonathantown,1,Kenya,3/24/2016 6:36,1
65,33,66699,247,Adaptive 24hour Graphic Interface,Sylviaview,0,Palau,2/12/2016 22:51,0
80,27,64288,183,Automated coherent flexibility,East Timothyport,1,Timor-Leste,6/10/2016 10:11,0
88,38,56638,222,Focused scalable complexity,West Roytown,1,Cambodia,3/31/2016 10:44,0
45,36,55788,127,Up-sized incremental encryption,Codyburgh,0,Belize,2/14/2016 6:51,1
42,28,61142,202,Sharable dedicated Graphic Interface,Port Erikhaven,1,Cuba,1/7/2016 19:16,1
80,27,61626,208,Digitized zero administration paradigm,Port Chasemouth,1,Costa Rica,2/4/2016 2:13,0
76,36,73235,159,Managed grid-enabled standardization,Ramirezside,0,Liechtenstein,5/9/2016 2:58,1
76,35,74166,195,Networked foreground definition,East Michaeltown,1,Korea,6/23/2016 0:16,0
83,33,62670,223,Re-engineered exuding frame,West Courtney,1,Ukraine,6/20/2016 9:35,0
72,31,57757,251,Horizontal multi-state interface,West Michaelhaven,0,Angola,2/29/2016 12:31,0
76,24,58020,162,Diverse stable circuit,Walshhaven,0,Nauru,1/17/2016 15:10,0
41,50,50960,140,Universal 24/7 implementation,East Rachelview,0,Equatorial Guinea,1/29/2016 3:54,1
35,32,48247,195,Customer-focused multi-tasking Internet solution,Curtisport,0,Mongolia,7/14/2016 12:07,1
66,55,28272,143,Vision-oriented contextually-based extranet,Frankbury,0,Svalbard & Jan Mayen Islands,1/10/2016 23:14,1
86,31,53767,220,Extended local methodology,Timothytown,1,Timor-Leste,4/28/2016 18:34,0
60,42,43662,105,Re-engineered demand-driven capacity,Samanthaland,1,Brazil,7/6/2016 18:36,1
87,34,62239,199,Customer-focused attitude-oriented instruction set,South Jennifer,0,Chad,5/27/2016 6:19,0
44,52,49030,139,Synergized hybrid time-frame,Kyleborough,1,Portugal,1/25/2016 7:39,1
72,47,76003,200,Advanced exuding conglomeration,North Randy,1,Malawi,5/8/2016 22:47,0
80,31,68095,196,Secured clear-thinking middleware,South Daniellefort,0,Qatar,3/19/2016 14:23,0
74,26,64396,163,Right-sized value-added initiative,Dianashire,0,Singapore,7/23/2016 4:37,0
63,48,70053,137,Centralized tertiary pricing structure,East Eric,0,Guinea,6/23/2016 1:22,1
72,35,72424,228,Multi-channeled reciprocal artificial intelligence,Hammondport,0,Kazakhstan,7/19/2016 18:06,0
61,44,42996,106,Synergized context-sensitive database,Jacobstad,0,Kuwait,2/28/2016 18:52,1
72,22,60310,199,Realigned systematic function,Hernandezfort,0,Rwanda,2/10/2016 6:52,0
45,31,38350,133,Adaptive context-sensitive application,Joneston,1,China,3/27/2016 9:11,1
86,34,63115,208,Networked high-level structure,New Jeffreychester,0,Bouvet Island (Bouvetoya),5/23/2016 2:15,0
40,38,31343,146,Profit-focused dedicated utilization,East Stephen,0,Vietnam,1/3/2016 3:22,1
85,27,40763,168,Stand-alone tangible moderator,Turnerchester,0,Guatemala,1/4/2016 21:48,1
63,60,36752,157,Polarized tangible collaboration,Youngfort,0,Peru,5/24/2016 13:30,1
68,41,65045,256,Focused high-level conglomeration,Ingramberg,1,Mayotte,2/1/2016 19:42,0
86,29,53673,210,Advanced modular Local Area Network,South Denisefurt,0,Samoa,6/5/2016 13:16,0
47,54,43445,137,Virtual scalable secured line,Port Melissaberg,0,Singapore,2/4/2016 8:53,1
46,57,44249,154,Front-line fault-tolerant intranet,Bernardton,1,Jamaica,3/24/2016 13:37,1
78,31,62573,234,Inverse asymmetric instruction set,Port Mathew,1,Bahamas,6/2/2016 21:02,0
85,30,39841,154,Synchronized leadingedge help-desk,Aliciatown,0,Canada,2/21/2016 7:42,1
40,36,32594,146,Total 5thgeneration standardization,Josephstad,0,Algeria,6/26/2016 17:16,1
50,30,41630,124,Sharable grid-enabled matrix,West Ericfurt,0,Fiji,1/3/2016 5:34,1
60,35,43314,107,Balanced asynchronous hierarchy,New Brendafurt,0,Kenya,3/8/2016 18:00,1
61,49,42993,111,Monitored object-oriented Graphic Interface,Port Julie,1,Argentina,6/19/2016 3:19,1
44,53,46004,144,Cloned analyzing artificial intelligence,South Tiffanyton,1,Bouvet Island (Bouvetoya),7/21/2016 21:16,1
77,33,49325,254,Persistent homogeneous framework,North Elizabeth,1,Philippines,2/12/2016 20:36,0
72,32,51633,117,Face-to-face even-keeled website,Kentmouth,0,Senegal,5/17/2016 6:14,1
45,45,63363,137,Extended context-sensitive monitoring,West Casey,1,Suriname,7/9/2016 11:04,1
79,36,64046,239,Exclusive client-driven model,East Henry,1,Liberia,3/27/2016 2:35,0
73,31,73049,201,Profound executive flexibility,Hollyfurt,1,Guam,1/16/2016 8:01,0
77,27,66625,191,Reduced bi-directional strategy,North Anna,0,United Arab Emirates,1/21/2016 23:48,0
66,40,77568,214,Digitized heuristic solution,Port Destiny,0,Antigua and Barbuda,6/5/2016 0:29,0
69,29,53431,253,Seamless 4thgeneration contingency,Ianmouth,1,Argentina,2/13/2016 15:37,0
36,40,31266,173,Seamless intangible secured line,North Johntown,1,Georgia,5/10/2016 7:22,1
70,31,74781,184,Intuitive radical forecast,Hannahside,1,Jordan,3/27/2016 3:59,0
70,29,70410,219,Multi-layered non-volatile Graphical User Interface,Wilsonburgh,0,Saudi Arabia,5/24/2016 18:35,0
58,29,37345,121,User-friendly client-server instruction set,North Russellborough,0,South Africa,2/11/2016 2:40,1
77,28,66108,213,Synchronized multimedia model,Murphymouth,0,Croatia,4/22/2016 8:31,0
84,30,62336,187,Face-to-face intermediate approach,Carterburgh,1,Fiji,1/13/2016 2:58,0
60,58,39133,141,Assimilated fault-tolerant hub,Penatown,0,Australia,6/16/2016 2:01,1
40,38,38745,135,Exclusive disintermediate task-force,Joechester,1,Sao Tome and Principe,6/27/2016 18:37,1
77,28,65172,218,Managed zero tolerance concept,East Paul,1,Fiji,7/3/2016 12:57,0
42,38,68520,163,Compatible systemic function,Hartmanchester,0,Cyprus,2/3/2016 4:21,1
77,27,54775,235,Configurable fault-tolerant monitoring,Mcdonaldfort,1,Kyrgyz Republic,5/29/2016 21:17,0
67,43,76247,156,Future-proofed coherent hardware,North Mercedes,1,Pakistan,4/3/2016 21:13,1
82,40,65462,229,Ameliorated upward-trending definition,Taylorberg,0,Seychelles,4/15/2016 11:51,0
66,23,34127,152,Front-line tangible alliance,Hansenmouth,0,Samoa,6/21/2016 3:14,1
62,53,35254,126,Progressive 24hour forecast,Bradyfurt,1,Bulgaria,3/14/2016 14:13,1
53,34,44894,112,Self-enabling optimal initiative,West Jessicahaven,0,Mauritania,5/6/2016 21:07,1
35,40,59621,200,Configurable logistical Graphical User Interface,Davilachester,0,Czech Republic,6/12/2016 17:52,1
44,38,20857,170,Virtual bandwidth-monitored initiative,North Ricardotown,0,Chile,1/11/2016 7:36,1
78,37,55353,255,Multi-tiered human-resource structure,Melissafurt,0,Poland,7/2/2016 0:24,0
76,27,67516,201,Managed upward-trending instruction set,East Brianberg,0,Estonia,3/4/2016 10:13,0
50,39,68738,137,Cloned object-oriented benchmark,Millerbury,0,Turkmenistan,3/24/2016 9:12,1
61,41,76894,155,Fundamental fault-tolerant neural-net,Garciaview,0,Latvia,2/14/2016 7:30,1
89,42,59887,171,Phased zero administration success,Townsendfurt,0,Fiji,4/25/2016 7:30,0
79,30,53442,134,Compatible intangible customer loyalty,Williamstad,0,Turkey,2/10/2016 19:20,1
57,29,41356,120,Distributed 3rdgeneration definition,West Connor,0,Kazakhstan,4/23/2016 14:34,1
35,38,49943,155,Pre-emptive cohesive budgetary management,West Justin,0,Bahrain,6/18/2016 17:56,1
71,31,74430,199,Configurable multi-state utilization,Robertbury,0,Colombia,7/17/2016 1:58,0
76,23,58634,201,Diverse multi-tasking parallelism,New Tinamouth,0,Brunei Darussalam,4/27/2016 4:28,0
67,33,72708,228,Horizontal content-based synergy,Turnerview,1,Taiwan,4/21/2016 20:29,0
47,32,31093,136,Multi-tiered maximized archive,Reneechester,1,Serbia,3/23/2016 6:00,1
62,38,74445,144,Diverse executive groupware,West Tinashire,0,Saint Pierre and Miquelon,7/19/2016 7:59,1
78,28,49309,240,Synergized cohesive array,Jamesfurt,0,Australia,6/26/2016 11:52,1
37,50,56735,199,Versatile dedicated software,New Nancy,1,Chad,3/30/2016 23:40,1
40,45,40184,134,Stand-alone reciprocal synergy,Lisamouth,1,Norway,3/16/2016 7:59,1
77,36,58348,124,Universal even-keeled analyzer,Harveyport,0,Turks and Caicos Islands,5/4/2016 0:01,1
66,30,72210,158,Up-sized tertiary contingency,Ramosstad,0,Finland,7/2/2016 21:22,0
74,33,62060,128,Monitored real-time superstructure,North Kevinside,0,South Africa,5/23/2016 21:14,1
73,32,67113,235,Streamlined analyzing initiative,Haleview,1,Martinique,1/29/2016 20:16,0
80,44,24030,151,Automated static concept,Christinetown,0,Afghanistan,7/23/2016 14:47,1
54,47,56181,115,Operative stable moderator,New Michael,1,Micronesia,2/16/2016 9:11,1
86,32,62205,193,Up-sized 6thgeneration moratorium,Jonesland,1,French Southern Territories,6/9/2016 21:43,0
85,30,60373,205,Expanded clear-thinking core,North Shannon,0,Philippines,6/19/2016 9:24,0
70,24,65280,179,Polarized attitude-oriented superstructure,New Sonialand,1,Algeria,6/6/2016 21:26,0
81,53,34309,223,Networked coherent interface,Port Jason,1,San Marino,1/7/2016 13:25,0
40,45,59611,146,Enhanced homogeneous moderator,East Barbara,1,Guernsey,4/15/2016 6:08,1
57,41,50279,270,Seamless full-range website,Port Erinberg,1,Sierra Leone,1/9/2016 3:45,1
42,56,43450,168,Profit-focused attitude-oriented task-force,Petersonfurt,0,Tajikistan,2/10/2016 15:23,1
62,25,25408,161,Cross-platform multimedia algorithm,New Lindaberg,0,Liechtenstein,4/24/2016 13:42,1
77,36,71136,222,Open-source coherent monitoring,West Russell,0,Ecuador,6/12/2016 5:31,0
61,45,63884,119,Streamlined logistical secured line,South Adam,1,Switzerland,1/5/2016 9:42,1
85,33,64902,204,Synchronized stable complexity,North Tracyport,1,Moldova,3/2/2016 10:07,0
46,30,66785,165,Synergistic value-added extranet,Brownport,1,Finland,7/21/2016 10:54,1
57,48,62785,123,Progressive non-volatile neural-net,Port Crystal,0,France,1/9/2016 4:53,1
81,28,63728,201,Persevering tertiary capability,Masonhaven,0,Venezuela,1/6/2016 13:20,0
81,32,61608,231,Enterprise-wide bi-directional secured line,Derrickhaven,0,Cuba,1/31/2016 4:10,0
40,38,56782,139,Organized contextually-based customer loyalty,Olsonstad,1,Peru,6/11/2016 8:38,1
83,39,64448,226,Total directional approach,New Brandy,0,Turkey,5/15/2016 20:48,0
74,31,42043,121,Programmable uniform productivity,South Jasminebury,0,Albania,6/18/2016 17:23,1
75,28,67669,213,Robust transitional ability,East Timothy,0,French Southern Territories,3/17/2016 5:00,0
60,35,54876,110,De-engineered fault-tolerant database,Charlottefort,0,Papua New Guinea,6/29/2016 13:35,1
59,35,73348,145,Managed disintermediate matrices,Lake Beckyburgh,1,Liechtenstein,2/2/2016 8:55,1
43,44,50200,125,Configurable bottom-line application,West Lindseybury,0,Thailand,4/13/2016 5:42,1
84,38,50724,245,Self-enabling didactic pricing structure,West Alyssa,0,Malaysia,7/20/2016 9:27,0
71,43,63451,121,Versatile scalable encryption,Lake Craigview,1,Mauritius,2/26/2016 4:57,1
71,26,56694,137,Proactive next generation knowledge user,Lake David,0,Algeria,2/26/2016 9:18,1
72,34,70547,230,Customizable tangible hierarchy,Bruceburgh,0,Christmas Island,4/15/2016 14:45,0
40,26,47392,171,Visionary asymmetric encryption,South Lauratown,1,Japan,2/1/2016 14:37,1
79,26,62312,203,Intuitive explicit conglomeration,Port Robin,0,Greenland,1/20/2016 19:09,0
44,53,63100,168,Business-focused real-time toolset,Jacksonburgh,1,Sao Tome and Principe,4/23/2016 6:28,1
73,37,73688,222,Organic contextually-based focus group,Erinmouth,1,Senegal,6/19/2016 22:26,0
76,33,52686,254,Right-sized asynchronous website,Port Aliciabury,0,Guadeloupe,2/15/2016 7:55,0
69,37,78120,180,Advanced 5thgeneration capability,Port Whitneyhaven,0,Belgium,2/9/2016 19:37,0
73,28,57015,242,Universal asymmetric archive,Jeffreyshire,0,Israel,1/25/2016 7:52,0
48,29,27086,157,Devolved responsive structure,Tinaton,0,Honduras,7/18/2016 11:33,1
87,35,58337,217,Triple-buffered regional toolset,North Loriburgh,0,Estonia,1/9/2016 7:28,0
89,32,50216,178,Object-based executive productivity,Wendyton,1,Paraguay,3/21/2016 21:15,0
81,26,53049,156,Business-focused responsive website,Lake Jacqueline,1,Kyrgyz Republic,2/15/2016 12:25,0
82,28,62928,197,Visionary analyzing structure,North Christopher,1,Mauritania,3/4/2016 8:48,0
46,52,32848,144,De-engineered solution-oriented open architecture,Alexanderfurt,0,French Guiana,1/5/2016 0:02,1
55,24,32007,149,Customizable modular Internet solution,West Pamela,0,Northern Mariana Islands,5/15/2016 1:03,1
41,35,48913,133,Stand-alone encompassing throughput,West Amanda,0,Lebanon,5/5/2016 9:28,1
72,35,69286,237,Customizable zero-defect matrix,South Tomside,0,Saint Pierre and Miquelon,5/26/2016 13:18,0
48,51,53701,130,Managed well-modulated collaboration,Bethburgh,1,American Samoa,5/21/2016 1:36,1
75,22,52011,213,Universal global intranet,Jamiefort,1,Austria,5/4/2016 12:06,0
56,26,46339,127,Re-engineered real-time success,Garciamouth,0,Tonga,7/5/2016 18:59,1
83,37,67939,213,Front-line fresh-thinking open system,West Brenda,0,Tonga,6/28/2016 20:13,0
45,42,66349,141,Digitized contextually-based product,South Kyle,0,French Southern Territories,5/5/2016 11:09,1
61,24,66874,167,Organic interactive support,Combsstad,0,Serbia,3/25/2016 15:17,1
51,31,72271,172,Function-based stable alliance,Lake Allenville,0,New Caledonia,1/23/2016 15:02,1
85,32,61610,210,Reactive responsive emulation,Greenechester,0,Taiwan,5/29/2016 7:29,0
55,39,76561,159,Exclusive zero tolerance alliance,Jordantown,1,United States of America,5/30/2016 7:36,1
82,33,62668,229,Enterprise-wide local matrices,Gravesport,0,Morocco,4/17/2016 15:46,0
72,36,75687,164,Inverse next generation moratorium,South Troy,1,Suriname,7/20/2016 23:08,0
82,36,66745,219,Implemented bifurcated workforce,Lake Patrick,1,Macedonia,6/29/2016 3:07,0
74,35,67715,239,Persevering even-keeled help-desk,Millerland,0,Wallis and Futuna,4/10/2016 14:48,0
72,31,69711,226,Grass-roots eco-centric instruction set,Port Jessicamouth,0,Chile,4/16/2016 16:38,0
80,31,66269,215,Fully-configurable incremental Graphical User Interface,Paulport,0,Gabon,5/3/2016 8:21,0
66,25,60843,231,Expanded radical software,Clineshire,1,Gabon,3/18/2016 16:04,0
70,28,55042,250,Mandatory 3rdgeneration moderator,Cynthiaside,0,Holy See (Vatican City State),5/22/2016 0:01,0
53,50,73863,177,Enterprise-wide foreground emulation,Port Juan,0,Seychelles,2/1/2016 20:30,1
39,39,62378,152,Customer-focused incremental system engine,Michellefort,0,Mayotte,1/23/2016 17:39,1
78,38,63337,131,Right-sized multi-tasking solution,Port Angelamouth,1,Uganda,5/19/2016 3:52,1
34,43,42192,166,Vision-oriented optimizing middleware,Jessicahaven,0,Cambodia,5/9/2016 21:54,1
80,24,56195,179,Proactive context-sensitive project,North Daniel,1,Antigua and Barbuda,5/31/2016 11:44,1
85,33,61772,215,Managed eco-centric encoding,New Juan,0,Cameroon,3/30/2016 19:09,0
83,35,61384,231,Visionary multi-tasking alliance,Amyfurt,0,Somalia,1/9/2016 15:49,0
85,32,63925,186,Ameliorated tangible hierarchy,Harrishaven,0,Lebanon,4/18/2016 3:41,0
55,54,23975,161,Extended interactive model,Roberttown,0,Saint Pierre and Miquelon,6/13/2016 13:59,1
77,34,70179,222,Universal bi-directional extranet,Jeremyshire,1,Dominica,4/23/2016 8:15,0
70,49,66525,243,Enhanced maximized access,Birdshire,0,Hungary,3/27/2016 16:41,0
76,22,41851,169,Upgradable even-keeled challenge,New Amanda,0,Taiwan,2/19/2016 7:29,1
72,33,61275,250,Synchronized national infrastructure,Curtisview,1,Saint Lucia,5/19/2016 11:16,0
84,41,60638,233,Re-contextualized systemic time-frame,Jacksonmouth,0,Niue,1/27/2016 20:47,0
74,39,47161,111,Horizontal national architecture,North April,0,France,4/20/2016 0:41,1
76,21,48537,187,Reactive bi-directional workforce,Hayesmouth,0,Cyprus,2/7/2016 7:41,0
73,25,53059,236,Horizontal transitional challenge,South Corey,1,French Southern Territories,4/21/2016 9:30,0
81,31,68615,186,Re-engineered neutral success,Juliaport,0,Costa Rica,4/19/2016 5:15,0
62,44,44174,105,Adaptive contextually-based methodology,Port Paultown,0,Austria,4/12/2016 14:01,1
52,34,67050,135,Configurable dynamic adapter,East Vincentstad,0,Zambia,3/15/2016 11:25,1
91,37,54520,181,Multi-lateral empowering throughput,Kimberlytown,0,Congo,2/16/2016 18:21,0
87,30,54952,170,Fundamental zero tolerance solution,New Steve,1,United States of America,2/18/2016 23:08,0
66,35,69476,244,Proactive asymmetric definition,New Johnberg,0,Pitcairn Islands,3/25/2016 8:40,0
84,41,54990,241,Pre-emptive zero tolerance Local Area Network,Shawstad,0,Belize,3/16/2016 0:28,0
37,36,29399,196,Self-enabling incremental collaboration,New Rebecca,0,Anguilla,1/28/2016 11:50,1
35,48,42861,208,Exclusive even-keeled moratorium,Jeffreyburgh,1,South Africa,3/24/2016 2:01,1
77,32,65883,232,Reduced incremental productivity,Faithview,0,Singapore,3/3/2016 22:31,0
67,25,65421,221,Realigned scalable standardization,Richardsontown,0,Finland,2/26/2016 9:54,0
41,31,60954,220,Secured scalable Graphical User Interface,Port Brookeland,0,Martinique,7/6/2016 15:56,1
81,26,58477,201,Team-oriented context-sensitive installation,East Christopherbury,0,Cameroon,6/24/2016 5:50,0
80,31,66637,214,Pre-emptive systematic budgetary management,Port Christinemouth,0,Sweden,5/23/2016 21:00,0
56,49,67431,135,Fully-configurable high-level implementation,South Meghan,1,New Caledonia,2/3/2016 19:12,1
79,34,57260,246,Profound maximized workforce,Hessstad,1,Bosnia and Herzegovina,4/28/2016 22:54,0
86,40,66359,188,Cross-platform 4thgeneration focus group,Rhondaborough,1,Singapore,3/19/2016 14:57,0
39,41,57587,143,Optional mission-critical functionalities,Lewismouth,1,Falkland Islands (Malvinas),7/15/2016 9:08,1
87,35,63061,184,Multi-layered tangible portal,New Paul,0,Bosnia and Herzegovina,5/12/2016 4:35,0
75,28,59999,234,Reduced mobile structure,Lake Angela,1,Mauritius,1/1/2016 21:58,0
74,40,74025,220,Enhanced zero tolerance Graphic Interface,East Graceland,1,Indonesia,3/13/2016 13:50,0
66,22,60551,211,De-engineered tertiary secured line,Hartport,0,Czech Republic,7/16/2016 14:13,0
36,47,57983,169,Reverse-engineered well-modulated capability,East Yvonnechester,0,Eritrea,4/18/2016 0:49,1
72,48,52736,115,Integrated coherent pricing structure,Burgessside,0,Mexico,7/17/2016 1:13,1
88,38,46654,231,Realigned next generation projection,Hurleyborough,0,Gibraltar,2/17/2016 7:05,0
84,28,56987,206,Reactive needs-based instruction set,Garychester,1,Haiti,6/16/2016 2:33,0
61,26,55336,132,User-friendly well-modulated leverage,East Kevinbury,1,Falkland Islands (Malvinas),4/9/2016 16:31,1
66,21,42163,219,Function-based fault-tolerant model,Contrerasshire,1,Eritrea,3/18/2016 17:35,0
82,25,39699,199,Decentralized needs-based analyzer,Erikville,0,Hong Kong,5/11/2016 22:02,0
38,52,56395,189,Phased analyzing emulation,Robertsonburgh,1,Gambia,5/25/2016 20:10,1
76,37,75044,179,Multi-layered fresh-thinking process improvement,Karenton,0,Barbados,2/29/2016 19:26,0
61,19,53310,185,Upgradable directional system engine,Port Kathleenfort,0,Nauru,6/9/2016 14:24,1
74,28,58996,237,Persevering eco-centric flexibility,Lake Adrian,0,Peru,1/30/2016 16:15,0
74,23,56605,211,Inverse local hub,New Sheila,1,El Salvador,2/15/2016 5:35,0
78,30,62476,229,Triple-buffered needs-based Local Area Network,Mollyport,0,Libyan Arab Jamahiriya,1/31/2016 6:14,0
80,44,70493,218,Centralized multi-state hierarchy,Sandraland,1,Cambodia,1/5/2016 16:34,0
75,52,43699,127,Public-key non-volatile implementation,Charlenetown,0,Saint Barthelemy,5/31/2016 2:17,1
87,36,57738,222,Synergized coherent interface,Luischester,1,Reunion,4/21/2016 16:10,0
37,47,31281,168,Horizontal high-level concept,South Johnnymouth,0,Antigua and Barbuda,4/10/2016 3:30,1
50,39,45800,112,Reduced multimedia project,Hannaport,0,Samoa,2/9/2016 7:21,1
51,59,42362,159,Object-based modular functionalities,East Anthony,0,Afghanistan,6/17/2016 17:11,1
83,34,66691,208,Polarized multimedia system engine,West Daleborough,0,Azerbaijan,5/22/2016 21:54,0
39,33,56370,151,Versatile reciprocal structure,Morrismouth,1,Philippines,7/13/2016 7:41,1
62,41,59398,111,Upgradable multi-tasking initiative,North Andrewstad,1,Angola,1/23/2016 18:59,1
80,28,66025,194,Configurable tertiary budgetary management,Wrightburgh,1,Albania,5/20/2016 12:17,0
73,36,68211,136,Adaptive asynchronous attitude,West Tanya,1,Hungary,1/30/2016 4:38,1
69,42,73609,231,Face-to-face mission-critical definition,Novaktown,1,Faroe Islands,4/21/2016 12:34,0
72,54,61229,140,Inverse zero tolerance customer loyalty,Timothymouth,1,Czech Republic,4/22/2016 20:32,1
72,29,72326,195,Centralized 24hour synergy,Robertmouth,1,Svalbard & Jan Mayen Islands,1/11/2016 6:02,0
77,40,44559,261,Face-to-face analyzing encryption,Stephenborough,0,Afghanistan,3/1/2016 10:01,0
75,36,73207,218,Self-enabling even-keeled methodology,Lake Kurtmouth,0,Rwanda,4/4/2016 8:19,0
82,25,46722,205,Function-based optimizing extranet,Lauraburgh,1,Panama,6/20/2016 6:30,0
59,50,45401,114,Organic asynchronous hierarchy,Rogerburgh,0,Samoa,1/28/2016 7:10,1
36,45,41417,151,Automated client-driven orchestration,Davidside,1,United States Minor Outlying Islands,7/3/2016 4:11,1
79,26,60846,207,Public-key zero-defect analyzer,West Thomas,0,Greece,5/15/2016 13:18,0
42,47,60813,145,Proactive client-server productivity,Andersonchester,0,Cote d'Ivoire,4/8/2016 22:48,1
73,25,64268,204,Cloned incremental matrices,North Ronaldshire,1,Pakistan,1/19/2016 12:18,0
78,24,58152,197,Open-architected system-worthy task-force,Greghaven,1,Anguilla,5/26/2016 15:40,0
89,37,52079,222,Devolved regional moderator,Jordanmouth,1,Cyprus,1/26/2016 15:56,0
69,42,26024,124,Balanced value-added database,Meyersstad,0,Peru,6/17/2016 9:58,1
68,31,62318,125,Seamless composite budgetary management,Michelleside,0,Kenya,4/25/2016 21:15,1
81,39,56217,248,Total cohesive moratorium,South Robert,1,Chad,7/13/2016 11:41,0
80,30,61806,225,Integrated motivating neural-net,New Tyler,0,Kyrgyz Republic,7/5/2016 15:14,0
44,41,51662,123,Exclusive zero tolerance frame,Jordanshire,1,Albania,3/15/2016 14:06,1
78,29,67081,168,Operative scalable emulation,Reyesland,0,Gabon,6/19/2016 22:08,0
75,26,51975,236,Enhanced asymmetric installation,New Traceystad,1,Dominican Republic,7/5/2016 20:16,0
50,27,28019,154,Face-to-face reciprocal methodology,Port Brian,0,Zimbabwe,5/9/2016 8:44,1
81,37,67745,224,Robust responsive collaboration,Lake Courtney,0,Croatia,7/21/2016 23:14,0
83,33,66574,191,Polarized logistical hub,Samuelborough,1,Cambodia,6/3/2016 17:32,0
44,42,30487,133,Intuitive zero-defect framework,Christinehaven,1,Mongolia,1/15/2016 19:40,1
68,40,74903,228,Reactive composite project,Thomasstad,1,Honduras,2/5/2016 16:50,0
64,38,19992,137,Upgradable even-keeled hardware,Kristintown,0,Madagascar,2/29/2016 23:56,1
79,36,66051,235,Future-proofed responsive matrix,New Wanda,1,Qatar,5/8/2016 12:08,0
80,44,70449,216,Programmable empowering middleware,Mariebury,0,China,7/13/2016 1:48,0
81,28,64009,200,Robust dedicated system engine,Christopherville,1,Bangladesh,1/8/2016 2:34,0
62,26,70204,203,Public-key mission-critical core,New Jasmine,0,Swaziland,6/8/2016 12:25,0
67,47,27263,124,Operative actuating installation,Lopezberg,1,Tanzania,6/15/2016 11:56,1
71,20,49544,204,Self-enabling asynchronous knowledge user,Jenniferstad,1,Eritrea,6/13/2016 22:41,0
42,51,28357,175,Configurable 24/7 hub,West Eduardotown,1,Canada,6/20/2016 14:20,1
51,28,66929,220,Versatile responsive knowledge user,Davisfurt,0,Saint Kitts and Nevis,4/3/2016 6:17,1
76,40,75525,198,Managed impactful definition,Bakerhaven,1,Burkina Faso,5/31/2016 23:42,0
77,27,66265,201,Grass-roots 4thgeneration forecast,Paulshire,1,Tuvalu,2/15/2016 3:43,0
36,47,55994,166,Focused 3rdgeneration pricing structure,West Jane,1,El Salvador,3/10/2016 23:26,1
85,34,56379,230,Mandatory dedicated data-warehouse,Lake Brian,0,Madagascar,2/26/2016 17:01,0
39,43,31216,149,Proactive radical support,Alvaradoport,0,Bangladesh,4/17/2016 21:39,1
87,29,51015,202,Re-engineered responsive definition,Lake Kevin,0,American Samoa,3/26/2016 19:54,0
57,52,46473,117,Profound optimizing utilization,Richardsonland,1,Latvia,6/29/2016 21:39,1
82,41,55480,248,Cloned explicit middleware,East Sheriville,0,Moldova,1/27/2016 17:55,0
56,50,68714,139,Multi-channeled mission-critical success,Port Michealburgh,1,Anguilla,3/17/2016 23:39,1
49,27,34191,142,Versatile content-based protocol,Monicaview,0,Bangladesh,7/9/2016 16:23,1
52,49,51068,259,Seamless cohesive conglomeration,Katieport,0,Faroe Islands,6/28/2016 12:51,1
35,45,46694,153,De-engineered actuating hierarchy,East Brittanyville,0,Taiwan,6/18/2016 16:32,1
48,33,19345,180,Balanced motivating help-desk,West Travismouth,0,Heard Island and McDonald Islands,5/28/2016 12:38,1
79,29,66226,208,Inverse high-level capability,Leonchester,0,Israel,1/16/2016 16:40,0
69,20,38609,206,Cross-platform client-server hierarchy,Ramirezland,1,Bolivia,7/11/2016 15:45,0
57,40,37713,108,Sharable optimal capacity,Brownton,0,Bahamas,7/16/2016 23:08,1
87,39,63764,210,Face-to-face multimedia success,New Jessicaport,1,Costa Rica,4/6/2016 21:20,0
41,43,41867,129,Enterprise-wide incremental Internet solution,New Denisebury,1,Myanmar,7/5/2016 0:54,1
71,32,57847,121,Advanced systemic productivity,Keithtown,0,Netherlands Antilles,2/17/2016 23:47,1
73,29,69429,217,Customizable mission-critical adapter,Port Melissastad,1,Czech Republic,3/15/2016 17:33,0
77,24,60284,185,Horizontal heuristic synergy,Janiceview,1,Iceland,1/21/2016 18:51,0
61,43,79332,193,Multi-tiered multi-state moderator,Mataberg,1,Palau,6/6/2016 22:41,0
34,41,53168,161,Re-contextualized reciprocal interface,West Melaniefurt,1,Libyan Arab Jamahiriya,5/16/2016 14:50,1
84,45,64564,220,Organized demand-driven knowledgebase,Millerfort,1,Kazakhstan,4/17/2016 19:10,0
53,35,60803,120,Total local synergy,Alexanderview,1,French Guiana,3/30/2016 1:05,1
58,31,28387,129,User-friendly bandwidth-monitored attitude,South Jade,0,Tuvalu,6/29/2016 9:04,1
44,36,58850,132,Re-engineered context-sensitive knowledge user,Lake Susan,1,Congo,5/26/2016 13:43,1
60,42,65963,121,Total user-facing hierarchy,South Vincentchester,1,United Kingdom,4/15/2016 10:16,1
54,37,75180,155,Balanced contextually-based pricing structure,Williamsmouth,1,Luxembourg,5/31/2016 9:06,1
82,33,61270,231,Inverse bi-directional knowledge user,Taylorport,0,French Polynesia,2/15/2016 14:13,0
61,29,56759,123,Networked even-keeled workforce,Williamsport,0,Papua New Guinea,5/9/2016 10:21,1
85,31,46161,232,Right-sized transitional parallelism,Emilyfurt,1,Maldives,7/7/2016 23:32,0
89,32,43871,212,Customer-focused system-worthy superstructure,East John,1,Zambia,1/3/2016 17:10,0
89,35,50439,219,Balanced 4thgeneration success,East Deborahhaven,1,Cook Islands,7/17/2016 18:55,0
70,43,28029,255,Cross-group value-added success,Port Katelynview,0,Congo,4/4/2016 18:36,1
85,36,64239,213,Visionary client-driven installation,Paulhaven,1,Senegal,2/27/2016 12:34,0
84,39,65816,221,Switchable well-modulated infrastructure,Elizabethmouth,1,Myanmar,6/8/2016 20:13,0
57,42,72684,139,Upgradable asymmetric emulation,Lake Jesus,0,Dominican Republic,2/20/2016 10:52,1
56,27,38817,248,Configurable tertiary capability,North Tylerland,1,Bahrain,3/23/2016 21:06,0
76,27,63976,214,Monitored dynamic instruction set,Munozberg,0,Puerto Rico,6/7/2016 1:29,0
58,36,37213,110,Robust web-enabled attitude,North Maryland,1,Chile,1/18/2016 15:18,1
78,23,52692,168,Customer-focused full-range neural-net,West Barbara,0,Bolivia,6/9/2016 19:32,0
46,32,65500,148,Universal transitional Graphical User Interface,Andrewborough,0,Serbia,5/30/2016 20:07,1
79,35,63967,237,User-centric intangible contingency,New Gabriel,0,Malaysia,4/1/2016 9:21,0
36,39,52401,148,Configurable disintermediate throughput,Port Patrickton,1,Estonia,5/31/2016 6:21,1
53,38,49111,109,Automated web-enabled migration,West Julia,1,Greenland,7/3/2016 22:13,1
33,40,41233,172,Triple-buffered 3rdgeneration migration,New Keithburgh,0,Trinidad and Tobago,3/10/2016 1:36,1
74,32,52140,256,Universal contextually-based system engine,Richardsland,1,Thailand,3/18/2016 2:39,0
38,34,60641,214,Optional secondary access,North Aaronchester,1,Philippines,5/30/2016 18:08,1
74,44,74180,218,Quality-focused scalable utilization,Lake Matthewland,0,Niue,2/20/2016 0:06,0
52,50,51870,120,Team-oriented dynamic forecast,Kevinberg,0,Afghanistan,3/10/2016 22:28,1
78,22,48853,170,Horizontal heuristic support,Morganfort,1,Angola,6/21/2016 14:32,0
43,28,59144,161,Customer-focused zero-defect process improvement,Lovemouth,0,Egypt,2/5/2016 15:26,1
56,24,33952,145,Focused systemic benchmark,Taylorhaven,0,Fiji,5/31/2016 21:41,1
81,34,58909,240,Seamless impactful info-mediaries,Jamesville,0,Portugal,1/1/2016 2:52,0
83,25,49851,183,Advanced heuristic firmware,East Toddfort,1,Austria,3/4/2016 14:10,0
82,52,28680,201,Fully-configurable client-driven customer loyalty,East Dana,1,Germany,2/3/2016 10:40,1
66,33,69870,238,Cross-group neutral synergy,West Lucas,0,Panama,1/20/2016 0:26,0
43,35,48348,127,Organized 24/7 middleware,Butlerfort,0,United States of America,6/11/2016 9:37,1
80,25,45960,220,Networked stable open architecture,Lindaside,1,Christmas Island,3/8/2016 5:48,0
65,42,70006,130,Customizable systematic service-desk,West Chloeborough,1,Equatorial Guinea,2/14/2016 22:23,1
80,26,51513,223,Function-based directional productivity,Jayville,1,Micronesia,7/17/2016 22:04,0
48,40,25599,135,Networked stable array,East Lindsey,1,Malta,6/2/2016 22:16,1
33,45,49283,177,Phased full-range hardware,Masseyshire,0,Ecuador,4/30/2016 19:42,1
75,27,67240,175,Organized empowering policy,Sarahton,1,Sudan,4/17/2016 6:58,0
36,52,42136,197,Object-based system-worthy superstructure,Ryanhaven,1,Lao People's Democratic Republic,3/9/2016 0:41,1
88,45,62590,191,Profound explicit hardware,Lake Deborahburgh,1,Saint Vincent and the Grenadines,3/7/2016 20:02,0
46,33,67384,151,Self-enabling multimedia system engine,New Williammouth,1,Switzerland,5/26/2016 10:33,1
82,35,25604,160,Polarized analyzing intranet,Port Blake,0,Spain,7/18/2016 1:36,1
53,23,39616,149,Vision-oriented attitude-oriented Internet solution,West Richard,1,Turks and Caicos Islands,7/16/2016 5:56,1
66,47,28266,122,Digitized disintermediate ability,Brandymouth,0,Indonesia,3/22/2016 6:41,1
66,25,63880,225,Intuitive explicit firmware,Sandraville,1,Cook Islands,6/3/2016 6:34,0
44,36,70593,167,Public-key real-time definition,Port Jessica,0,Australia,6/28/2016 9:19,1
68,37,76408,217,Monitored content-based implementation,Lake Jasonchester,0,Finland,7/18/2016 18:33,0
78,24,55015,207,Quality-focused zero-defect budgetary management,Pearsonfort,0,Pakistan,1/23/2016 4:47,0
81,29,51636,232,Intuitive fresh-thinking moderator,Sellerstown,0,Ireland,2/29/2016 11:00,0
47,31,29359,141,Reverse-engineered 24hour hardware,Yuton,0,Eritrea,6/30/2016 0:19,1
75,33,71297,219,Synchronized zero tolerance product,Smithtown,1,France,6/19/2016 18:19,0
79,24,46423,220,Reactive interactive protocol,Joanntown,1,Austria,1/8/2016 8:08,0
45,50,52802,133,Focused fresh-thinking Graphic Interface,South Peter,1,Heard Island and McDonald Islands,1/2/2016 12:25,1
40,41,59243,143,Ameliorated exuding solution,Port Mitchell,1,Western Sahara,5/13/2016 11:57,1
40,28,35351,197,Integrated maximized service-desk,Pottermouth,1,Liberia,2/8/2016 14:02,1
57,22,59678,207,Self-enabling tertiary challenge,Lake Jonathanview,1,Dominican Republic,6/7/2016 23:46,0
83,40,70226,188,Decentralized foreground infrastructure,Alanview,1,Tonga,1/2/2016 14:36,0
69,25,65791,213,Quality-focused hybrid frame,Carterport,0,Lao People's Democratic Republic,2/13/2016 4:16,0
51,30,34191,130,Realigned reciprocal framework,New Daniellefort,1,United States of America,5/3/2016 12:57,1
46,37,51315,119,Distributed maximized ability,Welchshire,0,Belgium,4/3/2016 11:38,1
67,35,62791,119,Polarized bifurcated array,Russellville,1,Indonesia,3/23/2016 19:58,1
84,40,66292,158,Progressive asynchronous adapter,West Lisa,1,Croatia,2/2/2016 11:49,0
77,30,68030,214,Business-focused high-level hardware,Greentown,0,Brunei Darussalam,3/8/2016 10:39,0
35,48,43974,160,Fully-configurable holistic throughput,Timothyport,0,American Samoa,4/8/2016 14:35,1
80,31,49457,245,Ameliorated contextually-based collaboration,Teresahaven,1,Netherlands Antilles,6/30/2016 0:40,0
50,40,33987,117,Progressive uniform budgetary management,Lake Stephenborough,0,Thailand,3/25/2016 19:02,1
59,33,28210,125,Synergistic stable infrastructure,Silvaton,0,Greece,5/12/2016 21:32,1
60,30,75535,194,Reverse-engineered content-based intranet,West Michaelstad,1,French Polynesia,3/2/2016 5:11,0
60,28,49159,120,Expanded zero administration attitude,Florestown,0,Guernsey,5/10/2016 14:12,1
68,30,39810,118,Team-oriented 6thgeneration extranet,New Jay,1,Isle of Man,3/3/2016 2:59,1
82,35,65827,223,Managed disintermediate capability,North Lisachester,0,Holy See (Vatican City State),7/4/2016 11:03,0
81,29,61172,216,Front-line dynamic model,Port Stacy,1,El Salvador,7/8/2016 3:47,0
42,39,42898,127,Innovative regional structure,Jensenton,0,China,5/27/2016 5:35,1
74,27,68333,173,Function-based incremental standardization,North Alexandra,0,Myanmar,2/10/2016 13:46,0
58,37,70233,133,Universal asymmetric workforce,Rivasland,0,Macao,6/12/2016 21:21,1
52,46,63102,125,Business-focused client-driven forecast,Helenborough,0,Australia,1/7/2016 13:58,1
80,37,51847,253,Realigned global initiative,Garnerberg,0,United States Virgin Islands,5/13/2016 14:12,0
66,26,63580,229,Business-focused maximized complexity,North Anaport,0,Mexico,5/2/2016 0:01,0
58,37,47575,106,Open-source global strategy,Pattymouth,0,Djibouti,2/7/2016 17:06,1
66,49,39032,114,Stand-alone motivating moratorium,South Alexisborough,0,Cote d'Ivoire,2/15/2016 7:27,1
80,42,70505,215,Grass-roots multimedia policy,East Jennifer,1,Mali,2/21/2016 5:23,0
77,31,62161,237,Upgradable local migration,Hallfort,0,Jamaica,3/20/2016 22:27,0
50,41,61068,121,Profound bottom-line standardization,New Charleschester,0,Romania,3/24/2016 9:34,1
80,58,49091,173,Managed client-server access,East Breannafurt,0,Cayman Islands,4/4/2016 20:01,1
79,33,62331,235,Cross-platform directional intranet,East Susanland,1,Gambia,1/2/2016 4:50,0
58,30,18819,167,Horizontal modular success,Estesfurt,0,Algeria,7/8/2016 17:14,1
70,26,62053,231,Vision-oriented multi-tasking success,Shirleyfort,1,Puerto Rico,3/28/2016 19:48,0
85,33,61922,215,Optional multi-state hardware,Douglasview,1,Norfolk Island,7/11/2016 9:32,0
59,44,49525,106,Upgradable heuristic system engine,South Lisa,1,Turkey,6/9/2016 17:11,1
82,41,53412,250,Future-proofed modular utilization,Kingshire,0,Guinea,5/19/2016 9:30,0
43,37,56682,130,Synergistic dynamic orchestration,Rebeccamouth,1,Moldova,4/12/2016 12:35,1
85,32,43300,234,Multi-layered stable encoding,Brownbury,1,Greece,7/4/2016 23:17,0
83,34,47998,132,Team-oriented zero-defect initiative,South Aaron,0,American Samoa,2/1/2016 0:52,1
59,55,39132,126,Polarized 5thgeneration matrix,North Andrew,1,Honduras,1/13/2016 2:39,1
35,40,46034,151,Fully-configurable context-sensitive Graphic Interface,South Walter,1,Mongolia,6/18/2016 16:02,1
47,42,65857,136,Progressive intermediate throughput,Catherinefort,0,Ethiopia,1/1/2016 20:17,1
63,29,54787,120,Customizable holistic archive,East Donna,1,Ethiopia,3/2/2016 4:02,1
79,32,69562,203,Compatible intermediate concept,East Timothy,1,Sri Lanka,3/30/2016 20:23,0
68,43,68447,128,Assimilated next generation firmware,North Kimberly,0,Morocco,5/1/2016 0:23,1
80,32,62772,230,Total zero administration software,South Stephanieport,1,United Arab Emirates,6/17/2016 3:02,0
66,41,78093,165,Re-engineered impactful software,North Isabellaville,0,Western Sahara,3/23/2016 8:52,0
44,39,63649,139,Business-focused background synergy,North Aaronburgh,0,Western Sahara,5/8/2016 22:24,1
60,21,60638,198,Future-proofed coherent budgetary management,Port James,1,Cambodia,4/6/2016 5:55,0
47,52,27241,157,Ergonomic methodical encoding,Danielview,0,New Zealand,4/5/2016 5:54,1
89,34,42760,162,Compatible dedicated productivity,Port Stacey,1,Australia,4/16/2016 12:26,0
65,49,59458,118,Up-sized real-time methodology,West Kevinfurt,1,Bulgaria,6/1/2016 3:44,1
53,42,42908,108,Up-sized next generation architecture,Lake Jennifer,1,Libyan Arab Jamahiriya,4/4/2016 22:00,1
80,51,46132,245,Managed 6thgeneration hierarchy,Reyesfurt,0,Barbados,6/26/2016 4:22,0
91,39,46964,210,Organic motivating model,West Carmenfurt,1,French Polynesia,7/7/2016 3:55,0
74,30,70377,212,Pre-emptive transitional protocol,North Stephanieberg,0,Uruguay,3/20/2016 8:22,0
79,32,70013,208,Managed attitude-oriented Internet solution,East Valerie,1,Uruguay,4/20/2016 10:04,0
76,23,56457,181,Public-key asynchronous matrix,Sherrishire,0,Brazil,3/25/2016 5:05,0
62,26,67279,218,Grass-roots systematic hardware,Port Daniel,0,Venezuela,2/14/2016 7:15,0
85,35,54774,236,User-centric composite contingency,Brownview,0,Myanmar,3/26/2016 0:32,0
72,34,70784,231,Up-sized bi-directional infrastructure,Greerton,1,Malta,7/5/2016 22:33,0
77,36,70511,223,Assimilated actuating policy,Hatfieldshire,1,Jamaica,3/14/2016 3:29,0
76,39,64022,248,Organized upward-trending contingency,Brianabury,1,Bahrain,5/30/2016 2:34,0
78,33,72043,194,Ergonomic neutral portal,New Maria,0,Algeria,3/7/2016 22:32,0
64,38,36037,109,Adaptive demand-driven knowledgebase,Colebury,1,Tuvalu,3/19/2016 0:27,1
77,29,67527,212,Reverse-engineered maximized focus group,Calebberg,0,Georgia,6/18/2016 5:17,0
43,55,55122,168,Switchable analyzing encryption,Lake Ian,0,Cambodia,7/11/2016 18:12,1
79,28,63498,212,Public-key intangible Graphical User Interface,Gomezport,0,Guam,1/1/2016 8:27,0
83,39,60879,235,Advanced local task-force,Shaneland,0,Tanzania,4/7/2016 1:57,0
80,33,61467,237,Profound well-modulated array,East Aaron,0,Indonesia,2/28/2016 22:02,0
74,35,70496,230,Multi-channeled asymmetric installation,Dustinborough,1,Somalia,6/26/2016 17:25,0
76,36,71222,225,Multi-layered fresh-thinking neural-net,East Michaelland,0,Belize,1/21/2016 4:30,0
82,31,64699,209,Distributed cohesive migration,East Connie,1,Serbia,5/1/2016 21:46,0
56,58,32252,154,Programmable uniform website,West Shannon,0,Australia,2/14/2016 10:06,1
45,35,55317,128,Object-based neutral policy,North Lauraland,1,Guam,1/27/2016 18:25,1
38,33,47448,145,Horizontal global leverage,Port Christopher,1,Christmas Island,6/16/2016 20:24,1
73,37,73475,224,Synchronized grid-enabled moratorium,South Patrickfort,0,Papua New Guinea,7/21/2016 10:01,0
56,49,53550,115,Adaptive uniform capability,East Georgeside,1,Bahamas,4/21/2016 18:31,1
80,28,58576,227,Total grid-enabled application,Charlesbury,0,Comoros,7/20/2016 1:56,0
75,26,63374,164,Optional regional throughput,Millertown,1,Western Sahara,2/26/2016 17:14,0
79,31,60283,235,Integrated client-server definition,South Renee,1,Nicaragua,1/16/2016 17:56,0
68,44,37345,109,Fundamental methodical support,South Jackieberg,0,Guam,4/1/2016 1:57,1
38,41,34886,145,Synergistic reciprocal attitude,Loriville,1,Vanuatu,6/24/2016 8:42,1
60,44,67512,251,Managed 5thgeneration time-frame,Amandaland,1,Bolivia,5/27/2016 18:45,0
62,37,77989,166,Vision-oriented uniform knowledgebase,West Robertside,0,Malawi,5/26/2016 15:40,0
65,36,63001,118,Multi-tiered stable leverage,North Sarashire,0,Venezuela,4/6/2016 1:19,1
80,26,61748,185,Down-sized explicit budgetary management,Port Maria,1,Nepal,1/8/2016 19:38,0
48,42,48468,115,Cross-group human-resource time-frame,East Jessefort,0,United Kingdom,2/24/2016 19:08,1
80,30,55131,238,Business-focused holistic benchmark,Port Anthony,0,Albania,3/10/2016 7:07,0
65,42,79485,191,Virtual 5thgeneration neural-net,Edwardmouth,1,Madagascar,4/29/2016 7:49,0
71,37,67307,247,Distributed scalable orchestration,Dustinchester,1,Guyana,4/10/2016 16:08,0
50,40,27965,126,Realigned intangible benchmark,Rochabury,0,Yemen,4/27/2016 18:25,1
73,33,66432,241,Virtual impactful algorithm,Williamsport,1,India,5/10/2016 4:28,0
73,35,63552,250,Public-key solution-oriented focus group,Austinland,0,Puerto Rico,1/3/2016 23:21,0
75,23,40135,158,Phased clear-thinking encoding,Lake Gerald,1,United States Virgin Islands,2/15/2016 16:52,1
47,45,49102,118,Grass-roots mission-critical emulation,Wrightview,0,Antigua and Barbuda,3/9/2016 2:07,1
49,54,53189,134,Proactive encompassing paradigm,Perryburgh,0,French Guiana,1/9/2016 17:33,1
37,39,49743,143,Automated object-oriented firmware,Tracyhaven,1,Antigua and Barbuda,2/3/2016 5:47,1
81,36,63394,233,User-friendly content-based customer loyalty,South Jaimeview,0,Turkmenistan,1/2/2016 9:30,0
67,23,64434,208,Universal incremental array,Sandersland,1,Honduras,1/4/2016 7:28,0
68,38,73884,231,Reactive national success,South Meredithmouth,0,Seychelles,1/7/2016 21:21,0
69,46,36425,113,Automated multi-state toolset,Richardsonshire,0,Cyprus,7/24/2016 0:22,1
66,36,28275,120,Managed didactic flexibility,Kimberlymouth,0,Saint Pierre and Miquelon,2/13/2016 13:57,1
40,27,48099,162,Cross-platform neutral system engine,Meghanchester,0,Poland,5/8/2016 10:25,1
69,33,68449,135,Focused high-level frame,Tammyshire,0,Taiwan,2/17/2016 18:50,1
56,25,66430,164,Seamless motivating approach,Millerbury,1,Cote d'Ivoire,1/22/2016 19:43,1
79,46,41768,255,Enhanced systematic adapter,Lake Elizabethside,1,Micronesia,7/20/2016 13:21,0
78,38,57845,252,Networked regional Local Area Network,Villanuevaton,0,Liberia,1/5/2016 20:58,0
44,45,35685,129,Total human-resource flexibility,Greerport,0,Saudi Arabia,1/29/2016 5:39,1
77,32,62792,238,Assimilated homogeneous service-desk,North Garyhaven,0,Nepal,6/17/2016 20:18,0
40,28,51171,161,Ergonomic zero tolerance encoding,East Sharon,0,Ghana,2/23/2016 13:55,1
67,25,58847,141,Cross-platform zero-defect structure,Johnstonmouth,0,Iran,7/9/2016 11:18,1
57,42,57739,111,Innovative maximized groupware,East Heatherside,0,New Zealand,3/19/2016 11:09,1
73,25,64631,211,Face-to-face executive encryption,Lake Patrick,1,Libyan Arab Jamahiriya,1/29/2016 7:14,0
82,24,50338,194,Monitored local Internet solution,Richardsonmouth,0,Sri Lanka,6/14/2016 7:02,0
50,38,67781,135,Phased hybrid superstructure,Jenniferhaven,1,United Arab Emirates,5/18/2016 3:19,1
44,36,68864,157,User-friendly grid-enabled analyzer,Boyerberg,1,Indonesia,1/30/2016 9:54,1
77,27,55901,231,Pre-emptive neutral contingency,Port Elijah,1,Saint Vincent and the Grenadines,4/25/2016 16:58,0
75,37,64775,246,User-friendly impactful time-frame,Knappburgh,1,Mongolia,1/14/2016 16:30,0
84,36,67686,205,Customizable methodical Graphical User Interface,New Dawnland,0,Honduras,7/6/2016 5:34,0
39,48,57777,222,Cross-platform logistical pricing structure,Chapmanmouth,0,Papua New Guinea,4/7/2016 10:51,1
84,48,46869,136,Inverse discrete extranet,Robertside,1,Kyrgyz Republic,4/17/2016 5:08,1
52,50,40927,118,Open-source even-keeled database,West Raymondmouth,1,Ethiopia,1/28/2016 17:03,1
72,40,22206,135,Diverse background ability,Costaburgh,1,Rwanda,2/18/2016 22:42,1
78,24,58920,197,Multi-tiered foreground Graphic Interface,Kristineberg,1,Kyrgyz Republic,6/24/2016 21:09,0
50,35,63006,128,Customizable hybrid system engine,Sandrashire,1,Grenada,6/20/2016 4:24,1
65,51,24317,138,Horizontal incremental website,Andersonfurt,1,Togo,2/14/2016 16:33,1
70,26,68349,204,Front-line systemic capability,Tranland,0,Pakistan,2/27/2016 13:51,0
65,30,66263,240,Fully-configurable foreground solution,Michaelland,1,Falkland Islands (Malvinas),5/7/2016 15:16,0
62,40,63494,116,Digitized radical array,East Rachaelfurt,1,Jersey,3/16/2016 20:10,1
84,30,56984,160,Team-oriented transitional methodology,Lake Johnbury,1,Cayman Islands,6/26/2016 2:06,1
33,37,51692,181,Future-proofed fresh-thinking conglomeration,Elizabethstad,0,South Africa,7/17/2016 14:26,1
40,31,49911,148,Operative multi-tasking Graphic Interface,West Brad,1,Micronesia,1/28/2016 16:42,1
75,31,33503,246,Implemented discrete frame,Johnstonshire,1,Tajikistan,6/16/2016 18:04,0
76,31,65835,229,Ameliorated exuding encryption,Lake Timothy,1,Bolivia,6/19/2016 23:21,0
68,31,66177,243,Programmable high-level benchmark,Anthonyfurt,0,Cameroon,5/24/2016 17:42,0
40,53,51463,162,Sharable multimedia conglomeration,East Brettton,0,Ecuador,3/1/2016 22:06,1
53,41,41060,109,Team-oriented high-level orchestration,New Matthew,1,Zambia,1/31/2016 8:50,1
68,38,61428,260,Grass-roots empowering paradigm,Christopherchester,0,Guinea-Bissau,4/30/2016 15:27,0
36,39,51593,151,Robust object-oriented Graphic Interface,Westshire,0,Micronesia,1/13/2016 20:38,1
75,24,57519,220,Switchable secondary ability,Alexisland,0,Bahamas,3/30/2016 16:15,0
82,24,52656,190,Open-architected web-enabled benchmark,Kevinchester,1,Cape Verde,4/29/2016 18:53,0
88,31,52179,210,Compatible scalable emulation,New Patriciashire,1,French Polynesia,6/14/2016 19:48,0
60,60,46239,152,Seamless optimal contingency,Port Brenda,1,Saudi Arabia,7/15/2016 15:43,1
88,35,48919,149,Secured secondary superstructure,Port Brianfort,1,France,3/24/2016 5:38,0
78,27,65228,192,Automated mobile model,Portermouth,1,Burundi,4/26/2016 20:57,0
68,23,55002,147,Re-engineered non-volatile neural-net,Hubbardmouth,1,Latvia,1/12/2016 3:28,1
86,27,52262,192,Implemented disintermediate attitude,South Brian,1,Morocco,4/9/2016 23:26,0
41,49,59448,151,Configurable interactive contingency,Hendrixmouth,1,Venezuela,3/28/2016 9:15,1
54,39,47314,108,Optimized systemic capability,Julietown,0,Palau,6/23/2016 11:05,1
74,26,55411,236,Front-line non-volatile implementation,Lukeport,1,Isle of Man,1/24/2016 1:53,0
63,29,66504,237,Ergonomic 24/7 solution,New Shane,1,Peru,4/15/2016 10:18,0
85,36,47169,242,Integrated grid-enabled budgetary management,Lake Jillville,1,Belgium,4/26/2016 13:13,0
70,31,70890,225,Profit-focused systemic support,Johnsonfort,0,Croatia,5/16/2016 23:21,0
40,37,55359,137,Right-sized system-worthy project,Adamsbury,0,France,1/18/2016 2:51,1
59,55,56243,131,Proactive actuating Graphical User Interface,East Maureen,1,Slovenia,6/20/2016 8:34,1
36,51,45522,195,Versatile optimizing projection,North Angelastad,0,Peru,7/18/2016 4:53,1
59,49,46931,111,Universal multi-state system engine,Amandafort,0,Belarus,7/1/2016 1:12,1
91,40,55500,198,Secured intermediate approach,Michaelmouth,1,Bolivia,3/7/2016 22:51,0
61,41,75805,149,Operative didactic Local Area Network,Ronaldport,0,Benin,5/2/2016 15:31,1
74,23,40345,226,Phased content-based middleware,Port Davidland,0,Wallis and Futuna,7/23/2016 6:18,0
65,45,15598,159,Triple-buffered high-level Internet solution,Isaacborough,1,Azerbaijan,6/12/2016 3:11,1
81,28,33239,220,Synergized well-modulated Graphical User Interface,Lake Michael,0,Mongolia,2/15/2016 20:41,0
76,36,68034,236,Implemented bottom-line implementation,West Michaelshire,0,Denmark,1/23/2016 1:42,0
76,22,38428,183,Monitored context-sensitive initiative,Port Calvintown,0,Russian Federation,2/26/2016 1:18,0
78,46,53185,253,Pre-emptive client-server open system,Parkerhaven,0,Brazil,1/11/2016 2:07,0
46,28,39724,138,Seamless bandwidth-monitored knowledge user,Markhaven,1,Ethiopia,4/4/2016 13:56,1
44,41,43386,121,Ergonomic empowering frame,Estradashire,0,Guyana,1/14/2016 9:27,1
46,28,53922,137,Reverse-engineered background Graphic Interface,Brianland,1,Ethiopia,4/25/2016 3:18,1
66,27,71882,200,Synergistic non-volatile analyzer,Cassandratown,0,Mauritius,3/5/2016 23:02,0
84,29,47139,226,Object-based optimal solution,West Dannyberg,0,Djibouti,1/6/2016 21:43,0
84,38,68877,175,Profound dynamic attitude,East Debraborough,0,Syrian Arab Republic,2/18/2016 3:58,0
81,33,65187,222,Enhanced system-worthy toolset,Frankchester,1,Saint Martin,4/16/2016 14:15,0
85,32,55424,224,Reverse-engineered dynamic function,Lisafort,1,Netherlands Antilles,2/24/2016 6:18,0
87,46,46500,233,Networked responsive application,Colemanshire,0,Greece,6/29/2016 1:19,0
76,26,58820,224,Distributed intangible database,Troyville,1,Madagascar,1/5/2016 6:34,0
53,43,28495,122,Multi-tiered mobile encoding,Hobbsbury,0,Senegal,7/16/2016 10:14,1
85,31,61840,183,Optional contextually-based flexibility,Harrisonmouth,1,Burkina Faso,6/17/2016 3:23,0
75,46,37908,258,Proactive local focus group,Port Eugeneport,1,Czech Republic,6/13/2016 11:06,0
83,39,69806,201,Customer-focused impactful success,Karenmouth,0,Lao People's Democratic Republic,4/5/2016 8:18,0
76,26,60315,223,Open-source optimizing parallelism,Brendaburgh,1,Netherlands Antilles,4/17/2016 18:38,0
42,49,67323,182,Organic logistical adapter,New Christinatown,0,Qatar,2/3/2016 16:54,1
46,26,50055,229,Stand-alone eco-centric system engine,Jacksonstad,1,Andorra,4/18/2016 21:07,1
48,50,43574,122,User-centric intermediate knowledge user,South Margaret,1,Liechtenstein,6/18/2016 22:31,1
71,55,28187,151,Programmable didactic capacity,Port Georgebury,0,China,3/12/2016 7:18,1
81,33,66412,215,Enhanced regional conglomeration,New Jessicaport,0,Vietnam,1/15/2016 1:20,0
58,32,15879,196,Total asynchronous architecture,Sanderstown,1,Tajikistan,2/12/2016 10:39,1
75,29,63965,230,Secured upward-trending benchmark,Perezland,1,Eritrea,2/16/2016 2:29,0
80,31,58343,236,Customizable value-added project,Luisfurt,0,Monaco,4/4/2016 21:23,0
53,31,33147,250,Integrated interactive support,New Karenberg,1,Israel,4/24/2016 1:48,1
62,33,65900,126,Reactive impactful challenge,West Leahton,0,Hungary,5/20/2016 0:00,1
78,26,64189,202,Switchable multi-state success,West Sharon,0,Singapore,5/15/2016 3:10,0
66,61,58966,184,Synchronized multi-tasking ability,Klineside,1,Cuba,1/7/2016 23:02,1
89,33,44078,211,Fundamental clear-thinking knowledgebase,Lake Cynthia,0,Reunion,7/19/2016 12:05,0
50,55,60969,152,Multi-layered user-facing parallelism,South Cynthiashire,1,Zambia,4/4/2016 0:02,1
77,28,65620,210,Front-line incremental access,Lake Jacob,0,Gabon,6/10/2016 4:21,0
83,38,65497,225,Open-architected zero administration secured line,West Samantha,1,Dominica,3/11/2016 14:50,0
39,29,52462,162,Mandatory disintermediate info-mediaries,Jeremybury,1,Bahamas,1/14/2016 20:58,1
47,38,70583,150,Implemented context-sensitive Local Area Network,Blevinstown,1,Tokelau,6/22/2016 5:22,1
88,34,51816,153,Digitized interactive initiative,Meyerchester,0,Turkmenistan,3/19/2016 8:00,0
66,46,23411,131,Implemented asynchronous application,Reginamouth,0,Belgium,4/15/2016 15:07,1
78,26,62729,201,Focused multi-state workforce,Donaldshire,1,French Guiana,3/28/2016 2:29,0
44,28,48868,142,Proactive secondary monitoring,Salazarbury,1,Martinique,1/22/2016 15:03,1
44,36,50972,125,Front-line upward-trending groupware,Lake Joshuafurt,1,French Polynesia,6/25/2016 17:33,1
77,28,67991,193,Quality-focused 5thgeneration orchestration,Wintersfort,0,Ecuador,3/4/2016 14:33,0
42,34,43241,132,Multi-layered secondary software,Jamesmouth,0,Puerto Rico,6/29/2016 2:48,1
76,27,60083,227,Total coherent superstructure,Laurieside,1,United Arab Emirates,6/18/2016 1:42,0
74,37,65181,247,Monitored executive architecture,Andrewmouth,1,Burkina Faso,1/31/2016 9:57,0
73,28,67301,216,Front-line multi-state hub,West Angela,1,Luxembourg,5/22/2016 15:17,0
75,36,70701,231,Configurable mission-critical algorithm,East Carlos,0,Jamaica,7/22/2016 11:05,0
78,28,60998,225,Face-to-face responsive alliance,Kennedyfurt,1,Antarctica (the territory South of 60 deg S),7/13/2016 14:05,0
87,33,60806,197,Reduced holistic help-desk,Blairville,0,China,2/11/2016 11:50,0
87,37,50712,232,Pre-emptive content-based frame,East Donnatown,1,Western Sahara,3/16/2016 20:33,0
66,47,14548,179,Optional full-range projection,Matthewtown,1,Lebanon,4/25/2016 19:31,1
65,29,41336,117,Expanded value-added emulation,Brandonbury,0,Hong Kong,7/14/2016 22:43,1
68,33,76480,199,Organic well-modulated database,New Jamestown,1,Vanuatu,5/30/2016 8:02,0
73,38,67132,244,Organic 3rdgeneration encryption,Mosleyburgh,0,Vanuatu,2/14/2016 11:36,0
39,54,52581,173,Stand-alone empowering benchmark,Leahside,0,Guatemala,1/23/2016 21:15,1
80,25,55196,214,Monitored intermediate circuit,West Wendyland,0,Greenland,7/18/2016 2:51,0
87,28,48680,190,Object-based leadingedge complexity,Lawrenceborough,0,Syrian Arab Republic,2/10/2016 8:21,0
74,29,63110,234,Digitized zero-defect implementation,Kennethview,0,Saint Helena,1/4/2016 6:37,0
59,19,44490,198,Configurable impactful firmware,West Mariafort,1,Lebanon,6/5/2016 21:38,0
70,54,57668,132,Face-to-face dedicated flexibility,Port Sherrystad,0,Malta,6/1/2016 3:17,1
87,30,51824,204,Fully-configurable 5thgeneration circuit,West Melissashire,1,Christmas Island,3/6/2016 6:51,1
78,28,66199,208,Configurable impactful capacity,Pamelamouth,0,Ukraine,2/26/2016 19:35,0
76,40,73174,220,Distributed leadingedge orchestration,Lesliefort,0,Malta,7/13/2016 14:30,0
79,26,56594,218,Persistent even-keeled application,Shawnside,1,Italy,6/29/2016 7:20,0
71,23,31072,169,Optimized attitude-oriented initiative,Josephmouth,0,Japan,3/15/2016 6:54,1
82,41,66774,225,Multi-channeled 3rdgeneration model,Garciatown,0,Mauritius,6/11/2016 6:47,0
47,48,72554,177,Polarized mission-critical structure,Chaseshire,1,Turkey,7/17/2016 13:22,1
78,57,43709,153,Virtual executive implementation,Destinyfurt,0,Namibia,2/14/2016 14:38,1
45,43,48454,119,Enhanced intermediate standardization,Mezaton,0,China,5/4/2016 5:01,1
70,31,73414,214,Realigned tangible collaboration,New Kayla,1,Netherlands,5/20/2016 12:17,0
87,35,58114,158,Cloned dedicated analyzer,Carsonshire,1,Gibraltar,1/26/2016 2:47,0
49,53,45465,128,Ameliorated well-modulated complexity,Jacquelineshire,1,Congo,7/7/2016 18:07,1
71,21,50148,216,Quality-focused bi-directional throughput,South Blakestad,1,Senegal,1/11/2016 12:46,0
49,38,61005,123,Versatile solution-oriented secured line,North Mark,0,Hungary,5/12/2016 12:11,1
40,35,53899,139,Phased leadingedge budgetary management,Kingchester,1,Pitcairn Islands,2/28/2016 23:21,1
85,29,59798,193,Devolved exuding Local Area Network,Evansfurt,0,Slovakia (Slovak Republic),5/3/2016 16:02,0
69,51,74623,186,Front-line bandwidth-monitored capacity,South Adamhaven,1,United States Virgin Islands,3/15/2016 20:19,0
68,45,58678,114,User-centric solution-oriented emulation,Brittanyborough,0,Monaco,7/23/2016 5:21,1
76,34,62110,246,Phased hybrid intranet,Barbershire,0,Portugal,3/11/2016 10:01,0
43,36,60583,138,Monitored zero administration collaboration,East Ericport,1,Turkey,2/11/2016 20:45,1
39,43,65576,163,Team-oriented systematic installation,Crawfordfurt,1,Uganda,7/6/2016 23:09,1
48,40,73883,214,Inverse national core,Turnerville,0,Norfolk Island,3/22/2016 19:14,0
77,25,50468,231,Secured uniform instruction set,Kylieview,1,Niue,5/26/2016 13:28,0
79,27,51409,235,Quality-focused zero tolerance matrices,West Zacharyborough,0,Ukraine,6/18/2016 19:10,0
67,24,60514,225,Multi-tiered heuristic strategy,Watsonfort,1,Vanuatu,3/20/2016 7:12,0
81,30,57196,232,Optimized static archive,Dayton,1,United States Minor Outlying Islands,6/3/2016 7:00,0
90,34,52803,171,Advanced didactic conglomeration,Nicholasport,1,Armenia,2/3/2016 15:15,0
80,28,56570,227,Synergistic discrete middleware,Whitneyfort,1,Sweden,5/3/2016 16:55,0
66,19,51049,190,Pre-emptive client-server installation,Coffeytown,1,Timor-Leste,6/20/2016 2:25,0
62,35,66630,250,Multi-channeled attitude-oriented toolset,North Johnside,1,French Southern Territories,7/10/2016 19:15,0
83,41,70185,195,Decentralized 24hour approach,Robinsonland,0,Finland,1/4/2016 4:00,0
44,41,43111,121,Organic next generation matrix,Lake David,1,Saint Vincent and the Grenadines,4/20/2016 16:49,1
57,26,56436,132,Multi-channeled non-volatile website,West Ericaport,0,Senegal,1/23/2016 13:14,1
84,29,53224,223,Distributed bifurcated challenge,Haleberg,0,Burundi,1/4/2016 22:27,0
80,28,57180,230,Customizable zero-defect Internet solution,West Michaelport,1,Bahamas,4/8/2016 22:40,0
71,52,41521,123,Self-enabling zero administration neural-net,Ericksonmouth,0,Sweden,1/5/2016 11:53,1
47,43,73538,211,Optimized upward-trending productivity,Yangside,1,Svalbard & Jan Mayen Islands,3/17/2016 22:24,1
82,30,63664,207,Open-architected system-worthy ability,Estradafurt,0,Tonga,6/29/2016 4:23,0
44,38,61757,135,Quality-focused maximized extranet,Frankport,1,Korea,5/25/2016 19:45,1
71,28,71728,191,Centralized client-driven workforce,Port Juan,0,Kyrgyz Republic,6/17/2016 23:19,0
72,29,72204,193,De-engineered intangible flexibility,Williamsside,1,Costa Rica,4/24/2016 7:20,0
62,37,50672,106,Re-engineered intangible software,Johnsonview,1,Liechtenstein,3/18/2016 13:00,1
67,29,47510,119,Sharable secondary Graphical User Interface,East Heidi,0,Zimbabwe,4/28/2016 21:58,1
58,50,62466,125,Innovative homogeneous alliance,New Angelview,0,Costa Rica,2/12/2016 8:46,1
67,29,59683,249,Diverse leadingedge website,Lake Brandonview,0,Hungary,7/11/2016 13:23,1
49,32,41097,120,Optimized intermediate help-desk,Morganport,0,Fiji,1/29/2016 0:45,1
45,58,39800,196,Sharable reciprocal project,Browntown,0,Netherlands,1/5/2016 16:26,1
54,42,76984,164,Proactive interactive service-desk,Lake Hailey,0,Sweden,6/20/2016 8:22,0
62,59,57877,152,Open-architected needs-based customer loyalty,Olsonside,1,Barbados,2/6/2016 17:48,1
78,31,59048,241,Multi-lateral motivating circuit,Coxhaven,1,Paraguay,6/22/2016 17:19,0
71,28,72155,190,Assimilated encompassing portal,Meaganfort,0,Italy,4/16/2016 5:24,0
83,31,65705,180,Cross-group global orchestration,North Monicaville,0,Belarus,1/17/2016 5:07,0
77,36,72949,213,Down-sized bandwidth-monitored core,Mullenside,0,South Georgia and the South Sandwich Islands,7/8/2016 22:30,0
65,34,73942,228,Monitored explicit hierarchy,Princebury,1,Anguilla,3/11/2016 0:05,0
57,37,57888,112,Reactive demand-driven strategy,Bradleyside,0,Sierra Leone,6/10/2016 0:35,1
49,35,62464,128,Universal empowering adapter,Elizabethbury,1,Saint Martin,1/4/2016 0:44,1
37,29,42838,196,Team-oriented bi-directional secured line,West Ryan,0,Uganda,1/1/2016 15:14,1
86,32,43779,148,Stand-alone radical throughput,New Tammy,1,Saudi Arabia,7/10/2016 17:24,1
76,40,71157,229,Inverse zero-defect capability,Sanchezland,0,Greenland,3/27/2016 19:50,0
73,31,74160,191,Multi-tiered real-time implementation,Rogerland,0,Venezuela,4/29/2016 13:38,0
54,54,50334,126,Front-line zero-defect array,Vanessaview,1,Liberia,1/8/2016 18:13,1
52,25,33294,148,Mandatory 4thgeneration structure,Jessicashire,1,Mali,6/5/2016 7:54,1
53,51,38641,122,Synergistic asynchronous superstructure,Melissachester,1,Bosnia and Herzegovina,6/29/2016 10:50,1
52,33,49823,116,Vision-oriented system-worthy forecast,Johnsontown,0,Brunei Darussalam,4/24/2016 13:46,1
42,29,63891,187,Digitized radical architecture,New Joshuaport,1,South Georgia and the South Sandwich Islands,2/14/2016 4:14,1
55,42,43882,107,Quality-focused optimizing parallelism,Hernandezside,1,Czech Republic,6/15/2016 5:43,1
69,41,13997,172,Exclusive discrete firmware,New Williamville,1,El Salvador,7/6/2016 12:04,1
86,27,48761,175,Right-sized solution-oriented benchmark,Gilbertville,1,Tokelau,3/31/2016 13:54,0
71,30,69758,225,Assimilated stable encryption,Newmanberg,0,France,6/21/2016 0:52,0
64,19,52530,180,Configurable dynamic secured line,West Alice,1,Gabon,5/27/2016 5:23,0
89,40,58363,214,Cloned optimal leverage,Cannonbury,0,Bulgaria,1/17/2016 18:45,0
67,60,60576,198,Decentralized client-driven data-warehouse,Shelbyport,1,Burkina Faso,4/7/2016 20:34,1
33,45,48206,185,Multi-tiered interactive neural-net,New Henry,0,Mayotte,5/2/2016 18:37,1
44,54,31523,167,Enhanced methodical database,Dustinmouth,1,Somalia,6/4/2016 17:24,1
56,26,66188,152,Ameliorated leadingedge help-desk,South Lisa,0,Albania,4/7/2016 18:52,1
72,30,69438,225,De-engineered attitude-oriented projection,Lisamouth,0,Bolivia,6/10/2016 22:21,0
53,44,14776,191,Persevering 5thgeneration knowledge user,New Hollyberg,0,Jersey,5/19/2016 6:37,1
81,35,68017,220,Extended grid-enabled hierarchy,Port Brittanyville,0,British Virgin Islands,3/28/2016 23:01,0
68,41,78521,203,Reactive tangible contingency,East Ronald,1,Saint Helena,1/21/2016 22:51,1
76,36,31999,124,Decentralized attitude-oriented interface,South Davidmouth,1,Bosnia and Herzegovina,3/12/2016 6:05,1
80,29,56909,231,Mandatory coherent groupware,Carterton,0,India,6/4/2016 9:13,0
83,29,61161,167,Fully-configurable eco-centric frame,Rachelhaven,1,Georgia,5/24/2016 10:16,0
35,39,52340,154,Advanced disintermediate data-warehouse,New Timothy,1,United States Minor Outlying Islands,3/25/2016 6:36,1
36,40,47339,145,Quality-focused zero-defect data-warehouse,North Jessicaville,1,Kiribati,4/22/2016 0:28,1
74,22,50950,165,Cross-group non-volatile secured line,Joneston,1,Ghana,3/22/2016 4:13,0
60,33,77144,198,Expanded modular application,Staceyfort,0,Samoa,1/14/2016 8:27,1
86,29,57032,196,Triple-buffered systematic info-mediaries,South Dianeshire,0,Iran,4/14/2016 21:37,0
41,33,48554,136,Networked non-volatile synergy,West Shannon,1,Costa Rica,5/31/2016 17:50,1
37,31,39552,168,Fully-configurable clear-thinking throughput,Micheletown,1,Northern Mariana Islands,3/17/2016 6:25,1
35,47,36884,170,Front-line actuating functionalities,North Brittanyburgh,0,Liechtenstein,4/13/2016 7:07,1
57,26,68783,204,Compatible composite project,Port Jasmine,1,Grenada,2/3/2016 22:11,0
37,32,51120,162,Customer-focused solution-oriented software,New Sabrina,1,Poland,2/2/2016 19:59,1
49,49,44304,120,Inverse stable synergy,Lake Charlottestad,0,Kenya,4/7/2016 20:38,1
76,29,69718,205,Pre-emptive well-modulated moderator,West Rhondamouth,1,Iran,3/15/2016 19:35,0
79,27,63429,199,Intuitive modular system engine,North Debra,1,Belgium,3/11/2016 12:39,0
77,34,65756,236,Centralized value-added hierarchy,Villanuevastad,0,Namibia,5/17/2016 18:06,0
67,46,77872,196,Assimilated hybrid initiative,North Jeremyport,1,Cyprus,2/28/2016 23:10,0
76,24,47259,229,Optimized coherent Internet solution,Lake Susan,1,Japan,3/2/2016 6:35,0
57,29,55985,123,Versatile 6thgeneration parallelism,Lake John,1,Zimbabwe,2/27/2016 8:52,1
53,34,44275,112,Configurable impactful productivity,Courtneyfort,1,Andorra,3/14/2016 4:34,1
51,50,25767,142,Operative full-range forecast,Tammymouth,0,Luxembourg,3/10/2016 15:07,1
42,49,37605,139,Operative secondary functionalities,Lake Vanessa,0,Cyprus,5/1/2016 8:27,1
54,41,25739,125,Business-focused transitional solution,Lake Amanda,1,Turkey,6/12/2016 11:17,1
84,28,60188,181,Ameliorated intermediate Graphical User Interface,Mariemouth,1,Hong Kong,5/28/2016 12:20,0
55,43,67682,128,Managed 24hour analyzer,Port Douglasborough,0,Netherlands,3/18/2016 9:08,1
53,44,44307,109,Horizontal client-server database,Port Aprilville,0,United States Virgin Islands,5/26/2016 6:03,1
43,35,25372,156,Implemented didactic support,Williamsport,1,Marshall Islands,7/6/2016 3:40,1
68,43,23943,127,Digitized homogeneous core,Lake Faith,0,Western Sahara,4/29/2016 14:10,1
43,29,50667,143,Robust holistic application,Wendyville,1,Saint Vincent and the Grenadines,3/5/2016 20:53,1
80,30,50356,241,Synergized uniform hierarchy,Angelhaven,1,United States of America,5/30/2016 8:35,0
84,32,63937,171,Pre-emptive client-driven secured line,New Sean,1,Angola,4/10/2016 6:32,0
74,28,69874,204,Front-line even-keeled website,Lake Lisa,0,Cayman Islands,1/20/2016 2:31,0
86,34,50039,233,Persistent fault-tolerant service-desk,Valerieland,0,Swaziland,7/20/2016 21:53,0
81,39,67867,225,Integrated leadingedge frame,New Travis,1,Wallis and Futuna,1/17/2016 4:12,0
37,48,54645,160,Ameliorated coherent open architecture,North Samantha,0,Zimbabwe,2/24/2016 7:13,1
54,23,46780,142,Vision-oriented bifurcated contingency,Holderville,0,Chad,3/26/2016 19:37,1
82,34,67432,213,Up-sized maximized model,Patrickmouth,0,Saint Martin,6/4/2016 9:25,0
80,39,73392,194,Organized global flexibility,Lake Deannaborough,0,Rwanda,4/22/2016 7:48,0
58,38,47682,106,Re-engineered zero-defect open architecture,Jeffreymouth,0,Moldova,3/31/2016 8:53,1
82,31,56736,232,Balanced executive definition,Davieshaven,0,Gabon,4/16/2016 8:36,0
73,30,51013,253,Networked logistical info-mediaries,Lake Jessicaville,1,Denmark,5/12/2016 20:57,1
79,32,69482,210,Optimized multimedia website,Hernandezchester,1,Svalbard & Jan Mayen Islands,5/7/2016 21:32,0
68,28,67033,227,Focused coherent success,North Kennethside,0,Poland,6/25/2016 0:33,0
84,36,68717,193,Robust context-sensitive neural-net,Shelbyport,0,Fiji,3/23/2016 5:27,0
83,31,59341,223,Intuitive zero administration adapter,Williamport,1,Philippines,3/4/2016 13:47,0
43,45,47968,125,Synchronized full-range portal,Smithside,0,Vietnam,6/14/2016 12:08,1
67,35,48759,108,Integrated encompassing support,Vanessastad,0,Jersey,5/11/2016 19:13,1
48,49,61230,132,Devolved human-resource circuit,Lisamouth,1,Indonesia,1/21/2016 23:33,1
43,30,54756,145,Grass-roots transitional flexibility,Lake Rhondaburgh,1,Palestinian Territory,1/15/2016 19:45,1
43,34,54325,132,Vision-oriented methodical support,Cunninghamhaven,1,Latvia,4/23/2016 9:42,1
41,42,52177,129,Integrated impactful groupware,Robertstown,1,Malta,5/23/2016 8:06,1
46,33,51163,125,Face-to-face methodical intranet,South Mark,1,Afghanistan,2/27/2016 15:04,1
69,27,66862,226,Fundamental tangible moratorium,New Taylorburgh,0,Austria,2/23/2016 17:37,0
63,34,63108,255,Balanced mobile Local Area Network,Port Karenfurt,1,Micronesia,3/17/2016 22:59,0
49,46,49206,116,Realigned 24/7 core,Carterland,0,Mexico,2/28/2016 3:34,1
56,49,55942,117,Fully-configurable high-level groupware,East Shawn,1,Chile,3/15/2016 14:33,1
44,40,33602,128,Ameliorated discrete extranet,West Derekmouth,1,Cuba,3/3/2016 20:20,1
58,46,48867,108,Centralized asynchronous portal,Brandiland,1,Belarus,4/6/2016 14:16,1
72,40,56683,114,Enhanced tertiary utilization,Cervantesshire,0,Malawi,5/1/2016 9:23,1
62,45,38261,108,Balanced disintermediate conglomeration,North Debrashire,0,Afghanistan,5/30/2016 8:02,1
78,23,54106,199,Sharable value-added solution,Deannaville,0,Luxembourg,4/4/2016 11:39,0
75,38,71055,231,Networked impactful framework,East Christopher,1,South Africa,4/6/2016 23:10,0
89,37,46403,224,Public-key impactful neural-net,Rickymouth,1,Nepal,4/26/2016 21:45,0
44,42,61691,133,Innovative interactive portal,Port Dennis,1,Spain,5/25/2016 0:34,1
56,37,26131,124,Networked asymmetric infrastructure,Lake Michelle,1,Hong Kong,2/11/2016 16:45,1
89,36,58639,169,Assimilated discrete strategy,East Johnport,0,Slovakia (Slovak Republic),1/30/2016 0:05,0
70,32,47357,262,Phased 5thgeneration open system,Sabrinaview,1,Cayman Islands,7/12/2016 10:56,0
59,52,50086,118,Upgradable logistical flexibility,Kristinfurt,1,Uganda,4/23/2016 3:46,1
79,33,51773,250,Centralized user-facing service-desk,Chapmanland,1,Vanuatu,4/16/2016 10:36,0
35,35,47638,158,Extended analyzing emulation,North Jonathan,1,Anguilla,3/11/2016 13:07,1
60,45,38987,108,Front-line methodical utilization,Port Christina,1,Switzerland,3/2/2016 15:39,1
82,26,51363,214,Open-source scalable protocol,Juanport,1,Zimbabwe,7/13/2016 21:31,0
75,34,35764,256,Networked local secured line,East Mike,0,Uruguay,5/29/2016 18:12,1
51,24,62940,190,Programmable empowering orchestration,North Angelatown,0,Liberia,5/10/2016 17:13,1
83,30,58777,223,Enhanced systemic benchmark,West Steven,1,Egypt,5/7/2016 8:39,0
79,25,59106,206,Focused web-enabled Graphical User Interface,Riggsstad,1,Greece,1/17/2016 13:27,0
38,51,50457,161,Automated stable help-desk,Davidview,1,Bahrain,3/9/2016 6:22,1
83,43,54252,244,Managed national hardware,Port Kevinborough,1,Sri Lanka,4/5/2016 18:02,0
91,45,51920,183,Re-engineered composite moratorium,Lawsonshire,1,Kazakhstan,4/1/2016 7:37,1
68,29,70325,220,Phased fault-tolerant definition,Wagnerchester,0,Greenland,2/15/2016 16:18,0
81,25,52416,166,Pre-emptive next generation Internet solution,Daisymouth,0,Moldova,3/8/2016 5:12,0
77,39,66217,242,Reverse-engineered web-enabled support,North Daniel,1,Poland,2/9/2016 23:38,0
74,50,60939,246,Horizontal intermediate monitoring,Port Jacquelinestad,1,Anguilla,6/17/2016 9:38,0
40,33,40244,142,Intuitive transitional artificial intelligence,New Teresa,1,Central African Republic,6/1/2016 12:27,1
87,32,60152,196,Business-focused asynchronous budgetary management,Henryfort,1,Mexico,2/26/2016 23:44,0
91,40,45946,217,Decentralized methodical capability,Lake Joseph,0,Togo,3/11/2016 9:58,0
68,25,63430,226,Synergized intangible open system,Daviesborough,1,Armenia,4/28/2016 2:55,0
82,36,65883,222,Stand-alone logistical service-desk,North Brandon,0,Nicaragua,4/12/2016 4:22,0
46,27,64411,171,Expanded full-range synergy,Adamside,1,Eritrea,2/10/2016 20:43,1
77,27,55677,236,Open-architected intangible strategy,Wademouth,0,Canada,5/1/2016 23:21,0
70,33,75561,203,Diverse directional hardware,North Raymond,0,Croatia,3/24/2016 17:48,0
72,32,61068,250,Balanced discrete approach,Randolphport,1,Switzerland,4/22/2016 19:45,0
77,34,72331,167,Total bi-directional success,East Troyhaven,0,Yemen,3/9/2016 12:10,0
40,29,32550,174,Object-based motivating instruction set,Clarkborough,0,Tokelau,3/30/2016 5:29,1
67,44,51257,107,Realigned intermediate application,Josephberg,0,Armenia,1/24/2016 13:41,1
69,34,77220,187,Sharable encompassing database,Lake Jenniferton,1,Equatorial Guinea,7/15/2016 9:42,0
82,43,52521,249,Progressive 24/7 definition,Lake Jose,0,Barbados,6/7/2016 5:41,0
66,22,59422,217,Pre-emptive next generation strategy,Ashleymouth,0,American Samoa,5/31/2016 23:32,0
48,33,22456,155,Open-source 5thgeneration leverage,Henryland,1,Saint Lucia,5/14/2016 14:49,1
79,31,58444,237,Open-source holistic productivity,Lake Danielle,0,Algeria,1/10/2016 20:18,0
87,29,50821,200,Multi-channeled scalable moratorium,Joshuaburgh,1,Turkmenistan,2/21/2016 16:57,0
42,42,67575,159,Optional tangible productivity,South Jeanneport,0,Mayotte,5/23/2016 0:32,1
71,39,66523,250,Up-sized intangible circuit,New Nathan,1,South Africa,7/21/2016 20:30,0
47,45,34904,123,Virtual homogeneous budgetary management,Jonesshire,0,Macao,5/15/2016 18:44,1
44,53,43074,141,Phased zero-defect portal,Mariahview,1,France,6/30/2016 0:43,1
52,44,57595,115,Optional modular throughput,New Julianberg,1,Equatorial Guinea,2/24/2016 6:17,1
81,31,66027,206,Triple-buffered human-resource complexity,Randyshire,1,Mali,5/30/2016 21:22,0
54,36,53013,111,Innovative cohesive pricing structure,Philipberg,1,Mayotte,6/2/2016 4:14,1
77,31,61118,238,Function-based executive moderator,West Dennis,0,Pakistan,4/18/2016 7:00,0
54,20,52563,172,Digitized content-based circuit,Richardshire,1,Guadeloupe,2/29/2016 18:06,1
38,40,65773,191,Balanced uniform algorithm,Lake James,0,Denmark,5/27/2016 12:45,1
70,25,50506,241,Triple-buffered foreground encryption,Austinborough,0,New Zealand,1/12/2016 21:17,0
85,36,66263,195,Front-line system-worthy flexibility,Alexandrafort,1,Netherlands Antilles,1/27/2016 17:08,0
81,26,35522,208,Centralized clear-thinking Graphic Interface,Melissastad,1,Belarus,6/10/2016 3:56,0
79,32,62431,235,Optimized 5thgeneration moratorium,Gonzalezburgh,1,Taiwan,4/9/2016 9:26,0
77,41,49597,116,Fully-configurable asynchronous firmware,Port Jennifer,0,El Salvador,2/26/2016 6:00,1
55,37,42079,108,Exclusive systematic algorithm,Chrismouth,0,Taiwan,2/21/2016 23:07,1
36,45,46198,152,Exclusive cohesive intranet,Port Beth,0,Peru,4/29/2016 14:08,1
51,51,49957,122,Vision-oriented asynchronous Internet solution,West David,0,Liberia,2/11/2016 17:02,1
40,38,24079,204,Sharable 5thgeneration access,Fraziershire,0,Burundi,7/22/2016 7:44,1
46,43,53648,121,Monitored homogeneous artificial intelligence,Robertfurt,0,Macao,6/26/2016 2:34,1
85,30,61039,179,Monitored 24/7 moratorium,South Pamela,0,Venezuela,5/14/2016 23:08,0
81,26,46974,222,Vision-oriented real-time framework,North Laurenview,0,Luxembourg,5/24/2016 10:04,0
76,27,53043,237,Future-proofed stable function,Campbellstad,1,Italy,2/16/2016 12:05,0
37,50,48826,216,Secured encompassing Graphical User Interface,Port Derekberg,0,San Marino,3/20/2016 2:44,1
87,31,58288,194,Right-sized logistical middleware,West Andrew,0,Madagascar,1/31/2016 5:12,0
57,50,21773,146,Team-oriented executive core,West Randy,0,Norfolk Island,4/1/2016 5:17,1
75,24,52253,226,Vision-oriented next generation solution,South Christopher,0,Vanuatu,2/25/2016 16:33,0
43,52,27073,182,Enhanced optimizing website,Lake Michellebury,1,Tunisia,3/21/2016 11:02,1
68,47,50628,110,Reduced background data-warehouse,Zacharyton,0,Paraguay,2/12/2016 5:20,1
35,42,36914,160,Right-sized mobile initiative,West James,1,Macedonia,6/1/2016 16:10,1
87,37,61009,212,Synergized grid-enabled framework,Millerview,1,Heard Island and McDonald Islands,6/16/2016 3:17,0
42,39,53042,129,Open-source stable paradigm,Hawkinsbury,1,Ethiopia,3/26/2016 15:28,1
34,34,40183,175,Reverse-engineered context-sensitive emulation,Elizabethport,1,El Salvador,2/16/2016 7:37,1
55,42,59420,114,Public-key disintermediate emulation,West Amanda,1,Niger,2/28/2016 9:31,1
87,31,58235,199,Up-sized bifurcated capability,Wadestad,1,Timor-Leste,5/18/2016 1:00,0
79,32,68324,215,Stand-alone background open system,Mauriceshire,1,Uruguay,2/21/2016 13:11,0
66,25,69646,181,Stand-alone explicit orchestration,West Arielstad,1,Somalia,1/5/2016 12:59,0
81,34,54045,246,Configurable asynchronous application,Adamsstad,0,Malaysia,5/18/2016 0:07,0
56,37,57806,113,Upgradable 4thgeneration portal,Lake James,1,Korea,3/6/2016 23:26,1
45,49,53337,129,Networked client-server solution,Blairborough,1,Lao People's Democratic Republic,5/19/2016 4:23,1
47,56,50491,150,Public-key bi-directional Graphical User Interface,New Marcusbury,0,Bahamas,4/29/2016 20:40,1
60,51,71456,153,Re-contextualized human-resource success,Evansville,1,Guyana,5/3/2016 1:09,1
36,45,43242,151,Front-line fresh-thinking installation,Huffmanchester,0,Ethiopia,6/27/2016 21:51,1
73,22,58953,202,Balanced empowering success,New Cynthia,0,Bosnia and Herzegovina,2/8/2016 7:33,0
91,38,36834,185,Robust uniform framework,Joshuamouth,0,Cyprus,2/22/2016 7:04,0
81,29,66345,188,Sharable upward-trending support,West Benjamin,0,Singapore,3/21/2016 8:13,0
82,45,38645,131,Assimilated multi-state paradigm,Williamsfort,0,Dominican Republic,5/31/2016 0:58,1
81,36,60803,240,Self-enabling local strategy,North Tiffany,0,Bermuda,1/1/2016 5:31,0
62,34,33554,115,Open-source local approach,Edwardsport,0,Jamaica,5/27/2016 8:53,1
63,38,63071,116,Polarized intangible encoding,Lake Evantown,0,Saint Barthelemy,5/9/2016 7:13,1
37,34,46737,150,Multi-lateral attitude-oriented adapter,South Henry,1,Albania,6/27/2016 1:56,1
78,33,55369,248,Multi-lateral 24/7 Internet solution,Harmonhaven,1,Mozambique,6/3/2016 4:51,0
84,36,68306,195,Profit-focused secondary portal,West Gregburgh,0,Zimbabwe,2/24/2016 0:44,0
63,45,39211,108,Reactive upward-trending migration,Hansenland,0,Georgia,3/5/2016 12:03,1
51,48,65957,136,Customer-focused fault-tolerant implementation,Port Michaelmouth,0,Brazil,1/15/2016 22:49,1
33,38,40159,190,Customizable homogeneous contingency,Tylerport,0,Syrian Arab Republic,2/12/2016 3:39,1
61,19,40479,185,Versatile next generation pricing structure,West Lacey,1,Palestinian Territory,2/19/2016 20:49,0
45,46,40469,124,Cross-group systemic customer loyalty,North Jenniferburgh,1,Grenada,3/12/2016 2:48,1
79,51,66980,162,Face-to-face modular budgetary management,South Davidhaven,0,Ghana,7/23/2016 4:04,1
80,39,34942,125,Proactive non-volatile encryption,North Charlesbury,1,Brunei Darussalam,3/6/2016 9:33,1
39,32,48335,146,Decentralized bottom-line help-desk,Jonathanland,0,Lithuania,2/24/2016 4:11,1
65,30,42252,116,Visionary mission-critical application,North Virginia,0,Maldives,2/17/2016 20:22,1
90,36,57330,198,User-centric attitude-oriented adapter,West Tanner,0,Lesotho,2/2/2016 4:57,0
73,34,75770,192,User-centric discrete success,Jonesmouth,1,Czech Republic,1/27/2016 16:06,0
39,31,51813,155,Total even-keeled architecture,Port Jason,1,Iceland,5/24/2016 9:50,1
59,30,75266,179,Focused multimedia implementation,West Annefort,1,Philippines,2/8/2016 22:45,1
79,50,69868,193,Stand-alone well-modulated product,East Jason,0,Cayman Islands,2/12/2016 1:55,1
64,43,72802,138,Ameliorated bandwidth-monitored contingency,North Cassie,0,Haiti,1/11/2016 8:18,1
41,27,39193,162,Streamlined homogeneous analyzer,Hintonport,1,Colombia,3/3/2016 3:51,1
63,36,18369,232,Total coherent archive,New James,1,Luxembourg,5/30/2016 20:08,1
46,29,56130,142,Front-line neutral alliance,North Destiny,0,United Arab Emirates,4/22/2016 22:01,1
52,31,58997,250,Virtual context-sensitive support,Mclaughlinbury,0,Ireland,5/25/2016 10:39,0
55,44,41548,109,Re-engineered optimal policy,West Gabriellamouth,0,Canada,2/4/2016 3:10,1
36,36,59240,173,Implemented uniform synergy,Alvarezland,0,Svalbard & Jan Mayen Islands,2/21/2016 20:09,1
70,28,56725,247,Horizontal even-keeled challenge,New Julie,0,Malta,4/28/2016 1:24,0
80,29,55764,234,Innovative regional groupware,North Frankstad,1,Sudan,5/18/2016 19:33,0
85,37,64236,161,Exclusive multi-state Internet solution,Claytonside,1,Ecuador,2/17/2016 11:15,0
57,28,39939,124,Mandatory empowering focus group,Melanieton,0,Senegal,6/19/2016 23:04,1
79,26,63320,196,Proactive 5thgeneration frame,Lake Michaelport,0,Cambodia,2/20/2016 9:54,0
70,21,54726,211,Automated full-range Internet solution,East Benjaminville,0,Belarus,1/22/2016 12:58,0
61,42,69776,247,Fully-configurable systemic productivity,Garrettborough,1,Guyana,2/19/2016 13:26,0
65,24,57546,234,Multi-lateral multi-state encryption,Port Raymondfort,0,Mali,1/3/2016 7:13,0
35,50,47051,194,Intuitive global website,Waltertown,0,Iran,1/3/2016 4:39,1
38,52,51600,177,Exclusive disintermediate Internet solution,Cameronberg,1,Bulgaria,4/13/2016 13:04,1
68,25,68358,188,Ameliorated actuating workforce,Kaylashire,1,Afghanistan,1/1/2016 3:35,0
45,38,35349,125,Synergized clear-thinking protocol,Fosterside,0,Liberia,3/27/2016 8:32,1
63,27,69785,159,Triple-buffered multi-state complexity,Davidstad,0,Netherlands Antilles,7/10/2016 16:25,1
40,29,50760,152,Enhanced intangible portal,Lake Tracy,0,Hong Kong,6/25/2016 4:21,1
45,48,34418,132,Down-sized background groupware,Taylormouth,1,Palau,1/27/2016 14:41,1
50,50,20593,162,Switchable real-time product,Dianaville,0,Malawi,5/16/2016 18:51,1
81,28,63529,203,Ameliorated local workforce,Collinsburgh,0,Uruguay,2/27/2016 20:20,0
42,40,44218,126,Streamlined exuding adapter,Port Rachel,1,Cyprus,2/28/2016 23:54,1
40,48,47930,139,Business-focused user-facing benchmark,South Rebecca,1,Mexico,6/13/2016 6:11,1
62,45,46024,106,Reactive bi-directional standardization,Port Joshuafort,1,Niger,5/5/2016 11:07,1
55,31,51900,116,Virtual bifurcated portal,Robinsontown,1,France,7/7/2016 12:17,1
71,30,72189,166,Integrated 3rdgeneration monitoring,Beckton,0,Japan,5/24/2016 17:07,0
70,31,56975,255,Balanced responsive open system,New Frankshire,1,Norfolk Island,3/30/2016 14:36,0
67,57,25683,168,Focused incremental Graphic Interface,North Derekville,1,Bulgaria,5/27/2016 5:54,1
77,46,41885,258,Secured 24hour policy,West Sydney,0,Uzbekistan,1/3/2016 16:30,0
54,38,72196,141,Up-sized asymmetric firmware,Lake Matthew,0,Mexico,6/25/2016 18:17,1
83,32,54429,235,Distributed fault-tolerant service-desk,Lake Zacharyfurt,1,Brunei Darussalam,2/24/2016 10:36,0
66,31,58038,256,Vision-oriented human-resource synergy,Lindsaymouth,1,France,3/3/2016 3:13,0
73,44,64011,125,Customer-focused explicit challenge,Sarahland,0,Yemen,4/21/2016 19:56,1
76,28,59967,233,Synchronized human-resource moderator,Port Julie,1,Northern Mariana Islands,4/6/2016 17:26,0
63,43,43155,105,Open-architected full-range projection,Michaelshire,1,Poland,3/23/2016 12:53,1
90,48,51501,204,Versatile local forecast,Sarafurt,1,Bahrain,2/17/2016 7:00,0
71,31,55188,256,Ameliorated user-facing help-desk,South Denise,0,Saint Pierre and Miquelon,6/26/2016 7:01,0
36,44,33813,166,Enterprise-wide tangible model,North Katie,1,Tonga,4/20/2016 13:36,1
39,38,36497,141,Versatile mission-critical application,Mauricefurt,1,Comoros,7/21/2016 16:02,1
69,40,66194,124,Extended leadingedge solution,New Patrick,0,Montenegro,3/6/2016 11:36,1
64,27,66201,228,Phased zero tolerance extranet,Edwardsmouth,1,Isle of Man,2/11/2016 23:45,0
44,28,63127,173,Front-line bifurcated ability,Nicholasland,0,Mayotte,4/4/2016 3:57,1
73,30,71385,209,Fundamental modular algorithm,Duffystad,1,Lebanon,2/11/2016 21:49,1
51,45,67782,134,Grass-roots cohesive monitoring,New Darlene,1,Bosnia and Herzegovina,4/22/2016 2:07,1
52,51,42416,120,Expanded intangible solution,South Jessica,1,Mongolia,2/1/2016 17:24,1
56,19,41921,188,Proactive bandwidth-monitored policy,West Steven,0,Guatemala,3/24/2016 2:35,0
45,26,29876,178,Virtual 5thgeneration emulation,Ronniemouth,0,Brazil,6/3/2016 21:43,1
